
CH32V203C8T6.elf:     file format elf32-littleriscv
CH32V203C8T6.elf
architecture: riscv:rv32, flags 0x00000112:
EXEC_P, HAS_SYMS, D_PAGED
start address 0x00000000

Program Header:
    LOAD off    0x00001000 vaddr 0x00000000 paddr 0x00000000 align 2**12
         filesz 0x00002404 memsz 0x00002404 flags r-x
    LOAD off    0x00004000 vaddr 0x20000000 paddr 0x00002404 align 2**12
         filesz 0x00000098 memsz 0x0000210c flags rw-
    LOAD off    0x00004800 vaddr 0x20004800 paddr 0x20004800 align 2**12
         filesz 0x00000000 memsz 0x00000800 flags rw-

Sections:
Idx Name          Size      VMA       LMA       File off  Algn
  0 .init         00000004  00000000  00000000  00001000  2**1
                  CONTENTS, ALLOC, LOAD, READONLY, CODE
  1 .vector       000000fc  00000004  00000004  00001004  2**1
                  CONTENTS, ALLOC, LOAD, READONLY, CODE
  2 .text         00002304  00000100  00000100  00001100  2**2
                  CONTENTS, ALLOC, LOAD, READONLY, CODE
  3 .fini         00000000  00002404  00002404  00004098  2**0
                  CONTENTS, ALLOC, LOAD, CODE
  4 .dalign       00000000  20000000  20000000  00004098  2**0
                  CONTENTS
  5 .dlalign      00000000  00002404  00002404  00004098  2**0
                  CONTENTS
  6 .data         00000098  20000000  00002404  00004000  2**2
                  CONTENTS, ALLOC, LOAD, DATA
  7 .bss          00002074  20000098  0000249c  00004098  2**2
                  ALLOC
  8 .stack        00000800  20004800  20004800  00004800  2**0
                  ALLOC
  9 .debug_info   0000cc29  00000000  00000000  00004098  2**0
                  CONTENTS, READONLY, DEBUGGING
 10 .debug_abbrev 00002748  00000000  00000000  00010cc1  2**0
                  CONTENTS, READONLY, DEBUGGING
 11 .debug_aranges 00000650  00000000  00000000  00013410  2**3
                  CONTENTS, READONLY, DEBUGGING
 12 .debug_ranges 00000628  00000000  00000000  00013a60  2**3
                  CONTENTS, READONLY, DEBUGGING
 13 .debug_line   00008822  00000000  00000000  00014088  2**0
                  CONTENTS, READONLY, DEBUGGING
 14 .debug_str    00002306  00000000  00000000  0001c8aa  2**0
                  CONTENTS, READONLY, DEBUGGING
 15 .comment      00000033  00000000  00000000  0001ebb0  2**0
                  CONTENTS, READONLY
 16 .debug_frame  000015f0  00000000  00000000  0001ebe4  2**2
                  CONTENTS, READONLY, DEBUGGING
 17 .debug_loc    000024cf  00000000  00000000  000201d4  2**0
                  CONTENTS, READONLY, DEBUGGING
 18 .stab         00000084  00000000  00000000  000226a4  2**2
                  CONTENTS, READONLY, DEBUGGING
 19 .stabstr      00000117  00000000  00000000  00022728  2**0
                  CONTENTS, READONLY, DEBUGGING
SYMBOL TABLE:
00000000 l    d  .init	00000000 .init
00000004 l    d  .vector	00000000 .vector
00000100 l    d  .text	00000000 .text
00002404 l    d  .fini	00000000 .fini
20000000 l    d  .dalign	00000000 .dalign
00002404 l    d  .dlalign	00000000 .dlalign
20000000 l    d  .data	00000000 .data
20000098 l    d  .bss	00000000 .bss
20004800 l    d  .stack	00000000 .stack
00000000 l    d  .debug_info	00000000 .debug_info
00000000 l    d  .debug_abbrev	00000000 .debug_abbrev
00000000 l    d  .debug_aranges	00000000 .debug_aranges
00000000 l    d  .debug_ranges	00000000 .debug_ranges
00000000 l    d  .debug_line	00000000 .debug_line
00000000 l    d  .debug_str	00000000 .debug_str
00000000 l    d  .comment	00000000 .comment
00000000 l    d  .debug_frame	00000000 .debug_frame
00000000 l    d  .debug_loc	00000000 .debug_loc
00000000 l    d  .stab	00000000 .stab
00000000 l    d  .stabstr	00000000 .stabstr
00000000 l    df *ABS*	00000000 ./Startup/startup_ch32v20x_D6.o
00000004 l       .vector	00000000 _vector_base
00000000 l    df *ABS*	00000000 ch32v20x_it.c
00000000 l    df *ABS*	00000000 main.c
200010e8 l     O .bss	00001000 spi_dma_buf2
200000e8 l     O .bss	00001000 spi_dma_buf1
00000000 l    df *ABS*	00000000 system_ch32v20x.c
00000000 l    df *ABS*	00000000 ch32v20x_dbgmcu.c
00000000 l    df *ABS*	00000000 ch32v20x_dma.c
00000000 l    df *ABS*	00000000 ch32v20x_gpio.c
00000000 l    df *ABS*	00000000 ch32v20x_misc.c
00000000 l    df *ABS*	00000000 ch32v20x_rcc.c
20000010 l     O .data	00000010 APBAHBPrescTable
20000084 l     O .data	00000004 ADCPrescTable
00000000 l    df *ABS*	00000000 ch32v20x_spi.c
00000000 l    df *ABS*	00000000 ch32v20x_usart.c
00000000 l    df *ABS*	00000000 dma_double_buf.c
00000a52 l     F .text	00000056 DMA_DoubleBuf_StartNextTransfer
00000000 l    df *ABS*	00000000 platform_dma.c
00000c30 l     F .text	0000000a CH32_DMA_IsBusy
00000c3a l     F .text	00000012 CH32_DMA_GetRemainingCount
00000c4c l     F .text	0000001e CH32_DMA_StopTransfer
00000c6a l     F .text	00000010 CH32_DMA_ClearErrorFlag
00000c7a l     F .text	0000000e CH32_DMA_ClearTCFlag
00000c88 l     F .text	0000007a CH32_DMA_StartTransfer
00000d02 l     F .text	00000016 CH32_DMA_GetErrorFlag
00000d18 l     F .text	00000014 CH32_DMA_GetTCFlag
200000a8 l     O .bss	00000004 g_dma_current_len
00000000 l    df *ABS*	00000000 debug.c
200000ac l     O .bss	00000002 p_ms
200000ae l     O .bss	00000001 p_us
20000088 l     O .data	00000004 curbrk.4672
00000000 l    df *ABS*	00000000 memcpy.c
00000000 l    df *ABS*	00000000 printf.c
00000000 l    df *ABS*	00000000 puts.c
00000000 l    df *ABS*	00000000 wbuf.c
00000000 l    df *ABS*	00000000 wsetup.c
00000000 l    df *ABS*	00000000 fflush.c
00000000 l    df *ABS*	00000000 findfp.c
00001472 l     F .text	00000066 std
00000000 l    df *ABS*	00000000 fwalk.c
00000000 l    df *ABS*	00000000 makebuf.c
00000000 l    df *ABS*	00000000 nano-mallocr.c
00000000 l    df *ABS*	00000000 nano-mallocr.c
00000000 l    df *ABS*	00000000 nano-vfprintf.c
000018f8 l     F .text	00000028 __sfputc_r
00000000 l    df *ABS*	00000000 nano-vfprintf_i.c
00000000 l    df *ABS*	00000000 sbrkr.c
00000000 l    df *ABS*	00000000 stdio.c
00000000 l    df *ABS*	00000000 writer.c
00000000 l    df *ABS*	00000000 closer.c
00000000 l    df *ABS*	00000000 fstatr.c
00000000 l    df *ABS*	00000000 isattyr.c
00000000 l    df *ABS*	00000000 lseekr.c
00000000 l    df *ABS*	00000000 memchr.c
00000000 l    df *ABS*	00000000 mlock.c
00000000 l    df *ABS*	00000000 readr.c
00000000 l    df *ABS*	00000000 close.c
00000000 l    df *ABS*	00000000 fstat.c
00000000 l    df *ABS*	00000000 isatty.c
00000000 l    df *ABS*	00000000 lseek.c
00000000 l    df *ABS*	00000000 read.c
00000000 l    df *ABS*	00000000 impure.c
20000020 l     O .data	00000060 impure_data
00000000 l    df *ABS*	00000000 reent.c
00000500  w      .text	00000000 EXTI2_IRQHandler
00002104 g     F .text	00000030 _isatty_r
00001048 g     F .text	000000d4 _puts_r
00002134 g     F .text	00000034 _lseek_r
00000698 g     F .text	00000014 DMA_Cmd
00001008 g     F .text	00000040 printf
20000880 g       .data	00000000 __global_pointer$
00000108 g     F .text	00000028 .hidden __riscv_save_8
000006dc g     F .text	00000008 DMA_GetITStatus
00000500  w      .text	00000000 TIM1_CC_IRQHandler
00002036 g     F .text	00000030 __sseek
00001528 g     F .text	00000066 __sinit
00001126 g     F .text	000000bc __swbuf_r
0000020a g     F .text	00000010 HardFault_Handler
000014e2 g     F .text	00000046 __sfmoreglue
00002182 g     F .text	00000002 __malloc_unlock
00000154 g     F .text	0000000c .hidden __riscv_restore_3
00000e60 g     F .text	00000014 Platform_DMA_Init
00000500  w      .text	00000000 SysTick_Handler
000007e4 g     F .text	00000054 NVIC_Init
00000500  w      .text	00000000 PVD_IRQHandler
00000140 g     F .text	00000020 .hidden __riscv_restore_10
00000208 g     F .text	00000002 NMI_Handler
00000500  w      .text	00000000 EXTI3_IRQHandler
00000108 g     F .text	00000028 .hidden __riscv_save_11
0000058c g     F .text	0000000a DBGMCU_GetCHIPID
200020e8 g     O .bss	00000020 platform_dma
2000009c g     O .bss	00000004 intr_into_cnt
00000a48 g     F .text	0000000a USART_GetFlagStatus
000020d2 g     F .text	00000032 _fstat_r
20002108 g     O .bss	00000004 errno
00000aa8 g     F .text	0000002a DMA_DoubleBuf_Init
20000098 g       .bss	00000000 _sbss
00000800 g       *ABS*	00000000 __stack_size
00000e9e g     F .text	00000054 USART_Printf_Init
00000632 g     F .text	00000038 DMA_Init
00000500  w      .text	00000000 USBFS_IRQHandler
00000e0e g     F .text	00000052 Platform_DMA_InitInterface
000006be g     F .text	00000008 DMA_GetCurrDataCounter
00000154 g     F .text	0000000c .hidden __riscv_restore_2
00000f56 g     F .text	000000b2 memcpy
000014d8 g     F .text	0000000a _cleanup_r
00000500  w      .text	00000000 EXTI0_IRQHandler
00000500  w      .text	00000000 I2C2_EV_IRQHandler
0000111c g     F .text	0000000a puts
20000080 g     O .data	00000004 SystemCoreClock
000021c8 g     F .text	00000010 _fstat
00000004 g       .init	00000000 _einit
00000914 g     F .text	0000001e RCC_APB2PeriphClockCmd
00000100 g     F .text	00000030 .hidden __riscv_save_12
00000500  w      .text	00000000 ADC1_2_IRQHandler
00000d2c g     F .text	000000e2 Platform_DMA_ModuleInit
000006ec g     F .text	000000f2 GPIO_Init
00000500  w      .text	00000000 Break_Point_Handler
00000140 g     F .text	00000020 .hidden __riscv_restore_11
200000a4 g     O .bss	00000004 NVIC_Priority_Group
00000500  w      .text	00000000 SPI1_IRQHandler
00000a2a g     F .text	00000016 USART_Cmd
00001f90 g     F .text	00000032 _sbrk_r
00000130 g     F .text	0000000c .hidden __riscv_save_1
00000500  w      .text	00000000 TAMPER_IRQHandler
00000154 g     F .text	0000000c .hidden __riscv_restore_0
00002184 g     F .text	00000034 _read_r
00000116 g     F .text	0000001a .hidden __riscv_save_7
000006e4 g     F .text	00000008 DMA_ClearITPendingBit
00000500  w      .text	00000000 Ecall_M_Mode_Handler
20004800 g       .stack	00000000 _heap_end
000021d8 g     F .text	00000010 _isatty
20000090 g     O .data	00000004 _global_impure_ptr
0000014a g     F .text	00000016 .hidden __riscv_restore_5
000008f6 g     F .text	0000001e RCC_AHBPeriphClockCmd
00000500  w      .text	00000000 DMA1_Channel4_IRQHandler
00000f2c g     F .text	0000002a _sbrk
0000066a g     F .text	0000002e DMA_StructInit
000006c6 g     F .text	0000000e DMA_GetFlagStatus
0000014a g     F .text	00000016 .hidden __riscv_restore_6
20000098 g     O .bss	00000004 g_dma_cb_cnt
00000500  w      .text	00000000 USART3_IRQHandler
00000500  w      .text	00000000 RTC_IRQHandler
2000210c g       .bss	00000000 _ebss
00000500  w      .text	00000000 DMA1_Channel7_IRQHandler
00000500  w      .text	00000000 CAN1_RX1_IRQHandler
00000e74 g     F .text	0000002a Delay_Init
00000500  w      .text	00000000 TIM4_IRQHandler
00000108 g     F .text	00000028 .hidden __riscv_save_9
00002368 g     O .text	00000020 __sf_fake_stderr
00000116 g     F .text	0000001a .hidden __riscv_save_4
00000afa g     F .text	00000020 DMA_DoubleBuf_GetFreeSpace
00000500  w      .text	00000000 I2C1_EV_IRQHandler
00000838 g     F .text	000000be RCC_GetClocksFreq
00000500  w      .text	00000000 DMA1_Channel6_IRQHandler
00001920 g     F .text	00000040 __sfputs_r
00000500  w      .text	00000000 UART4_IRQHandler
00002168 g     F .text	00000018 memchr
0000099c g     F .text	0000008e USART_Init
00000230 g     F .text	0000000c my_dma_completeCallback
0000177c g     F .text	000000a8 _free_r
00000500  w      .text	00000000 TIM3_IRQHandler
00000500  w      .text	00000000 RCC_IRQHandler
00000130 g     F .text	0000000c .hidden __riscv_save_3
00000500  w      .text	00000000 TIM1_TRG_COM_IRQHandler
00000500  w      .text	00000000 DMA1_Channel1_IRQHandler
00000000 g       .init	00000000 _start
20000000 g     O .data	00000010 AHBPrescTable
000021e8 g     F .text	00000010 _lseek
00000500  w      .text	00000000 EXTI15_10_IRQHandler
00000500  w      .text	00000000 DMA1_Channel8_IRQHandler
000020a2 g     F .text	00000030 _close_r
20000000 g       .dalign	00000000 _data_vma
200000a0 g     O .bss	00000001 MCU_Version
000011e2 g     F .text	000000fc __swsetup_r
00000500  w      .text	00000000 EXTI9_5_IRQHandler
0000158e g     F .text	0000009c __sfp
00000108 g     F .text	00000028 .hidden __riscv_save_10
00001fc2 g     F .text	0000002c __sread
00002180 g     F .text	00000002 __malloc_lock
0000014a g     F .text	00000016 .hidden __riscv_restore_4
00000140 g     F .text	00000020 .hidden __riscv_restore_8
0000140e g     F .text	00000064 _fflush_r
00000116 g     F .text	0000001a .hidden __riscv_save_6
00000500  w      .text	00000000 SPI2_IRQHandler
00002388 g     O .text	00000020 __sf_fake_stdin
00000160 g     F .text	000000a8 memset
00000140 g     F .text	00000020 .hidden __riscv_restore_9
0000014a g     F .text	00000016 .hidden __riscv_restore_7
0000024e g     F .text	00000136 main
00002066 g     F .text	00000006 __sclose
0000098a g     F .text	00000012 SPI_I2S_DMACmd
00001824 g     F .text	000000d4 _malloc_r
00000500  w      .text	00000000 DMA1_Channel5_IRQHandler
00000500  w      .text	00000000 EXTI4_IRQHandler
00000ba4 g     F .text	0000008c DMA_DoubleBuf_IRQHandler
00000500  w      .text	00000000 USB_LP_CAN1_RX0_IRQHandler
00000970 g     F .text	0000001a SPI_Cmd
00000384 g     F .text	000000ea SystemInit
200000b8 g     O .bss	00000030 g_dma_double_buf
00001008 g     F .text	00000040 iprintf
00000500  w      .text	00000000 USB_HP_CAN1_TX_IRQHandler
00000000 g       .init	00000000 _sinit
0000206c g     F .text	00000036 _write_r
0000021a g     F .text	00000016 DMA1_Channel3_IRQHandler
00001be4 g     F .text	0000010c _printf_common
2000008c g     O .data	00000004 _impure_ptr
00000500  w      .text	00000000 TIM1_UP_IRQHandler
00000ad2 g     F .text	00000028 DMA_DoubleBuf_Start
000012de g     F .text	00000130 __sflush_r
00000500  w      .text	00000000 WWDG_IRQHandler
00000500  w      .text	00000000 Ecall_U_Mode_Handler
000006ac g     F .text	00000012 DMA_ITConfig
00000500  w      .text	00000000 TIM2_IRQHandler
20005000 g       .stack	00000000 _eusrstack
00000130 g     F .text	0000000c .hidden __riscv_save_2
00000500  w      .text	00000000 SW_Handler
00000500  w      .text	00000000 TIM1_BRK_IRQHandler
00001694 g     F .text	00000058 __swhatbuf_r
00000a40 g     F .text	00000008 USART_SendData
00000500  w      .text	00000000 EXTI1_IRQHandler
00000116 g     F .text	0000001a .hidden __riscv_save_5
00000ef2 g     F .text	0000003a _write
20000098 g       .data	00000000 _edata
2000210c g       .bss	00000000 _end
00000500  w      .text	00000000 RTCAlarm_IRQHandler
00002404 g       .dlalign	00000000 _data_lma
00000500  w      .text	00000000 USART2_IRQHandler
00001fee g     F .text	00000048 __swrite
00001960 g     F .text	00000284 _vfiprintf_r
0000162a g     F .text	0000006a _fwalk_reent
0000046e g     F .text	00000092 SystemCoreClockUpdate
00000500  w      .text	00000000 I2C2_ER_IRQHandler
00000500  w      .text	00000000 DMA1_Channel2_IRQHandler
000023a8 g     O .text	00000020 __sf_fake_stdout
0000013c g     F .text	00000024 .hidden __riscv_restore_12
000006d4 g     F .text	00000008 DMA_ClearFlag
000021f8 g     F .text	00000010 _read
00000502  w      .text	00000000 handle_reset
00000500  w      .text	00000000 CAN1_SCE_IRQHandler
00000500  w      .text	00000000 FLASH_IRQHandler
00000130 g     F .text	0000000c .hidden __riscv_save_0
00000500  w      .text	00000000 USBFSWakeUp_IRQHandler
00000500  w      .text	00000000 USART1_IRQHandler
000016ec g     F .text	00000090 __smakebuf_r
00001cf0 g     F .text	000002a0 _printf_i
200000b4 g     O .bss	00000004 __malloc_sbrk_start
00000500  w      .text	00000000 I2C1_ER_IRQHandler
00000932 g     F .text	0000003e SPI_Init
000007de g     F .text	00000006 NVIC_PriorityGroupConfig
00000596 g     F .text	0000009c DMA_DeInit
0000023c g     F .text	00000012 my_dma_errorCallback
200000b0 g     O .bss	00000004 __malloc_free_list
00000154 g     F .text	0000000c .hidden __riscv_restore_1
00000b1a g     F .text	0000008a DMA_DoubleBuf_WriteData
00001960 g     F .text	00000284 _vfprintf_r
00000500  w      .text	00000000 USBWakeUp_IRQHandler
000021b8 g     F .text	00000010 _close



Disassembly of section .init:

00000000 <_sinit>:
   0:	5020006f          	j	502 <handle_reset>

Disassembly of section .vector:

00000004 <_vector_base>:
	...
   c:	0208                	addi	a0,sp,256
   e:	0000                	unimp
  10:	020a                	slli	tp,tp,0x2
  12:	0000                	unimp
  14:	0000                	unimp
  16:	0000                	unimp
  18:	0500                	addi	s0,sp,640
	...
  22:	0000                	unimp
  24:	0500                	addi	s0,sp,640
  26:	0000                	unimp
  28:	0500                	addi	s0,sp,640
	...
  32:	0000                	unimp
  34:	0500                	addi	s0,sp,640
  36:	0000                	unimp
  38:	0000                	unimp
  3a:	0000                	unimp
  3c:	0500                	addi	s0,sp,640
  3e:	0000                	unimp
  40:	0000                	unimp
  42:	0000                	unimp
  44:	0500                	addi	s0,sp,640
  46:	0000                	unimp
  48:	0500                	addi	s0,sp,640
  4a:	0000                	unimp
  4c:	0500                	addi	s0,sp,640
  4e:	0000                	unimp
  50:	0500                	addi	s0,sp,640
  52:	0000                	unimp
  54:	0500                	addi	s0,sp,640
  56:	0000                	unimp
  58:	0500                	addi	s0,sp,640
  5a:	0000                	unimp
  5c:	0500                	addi	s0,sp,640
  5e:	0000                	unimp
  60:	0500                	addi	s0,sp,640
  62:	0000                	unimp
  64:	0500                	addi	s0,sp,640
  66:	0000                	unimp
  68:	0500                	addi	s0,sp,640
  6a:	0000                	unimp
  6c:	0500                	addi	s0,sp,640
  6e:	0000                	unimp
  70:	0500                	addi	s0,sp,640
  72:	0000                	unimp
  74:	0500                	addi	s0,sp,640
  76:	0000                	unimp
  78:	021a                	slli	tp,tp,0x6
  7a:	0000                	unimp
  7c:	0500                	addi	s0,sp,640
  7e:	0000                	unimp
  80:	0500                	addi	s0,sp,640
  82:	0000                	unimp
  84:	0500                	addi	s0,sp,640
  86:	0000                	unimp
  88:	0500                	addi	s0,sp,640
  8a:	0000                	unimp
  8c:	0500                	addi	s0,sp,640
  8e:	0000                	unimp
  90:	0500                	addi	s0,sp,640
  92:	0000                	unimp
  94:	0500                	addi	s0,sp,640
  96:	0000                	unimp
  98:	0500                	addi	s0,sp,640
  9a:	0000                	unimp
  9c:	0500                	addi	s0,sp,640
  9e:	0000                	unimp
  a0:	0500                	addi	s0,sp,640
  a2:	0000                	unimp
  a4:	0500                	addi	s0,sp,640
  a6:	0000                	unimp
  a8:	0500                	addi	s0,sp,640
  aa:	0000                	unimp
  ac:	0500                	addi	s0,sp,640
  ae:	0000                	unimp
  b0:	0500                	addi	s0,sp,640
  b2:	0000                	unimp
  b4:	0500                	addi	s0,sp,640
  b6:	0000                	unimp
  b8:	0500                	addi	s0,sp,640
  ba:	0000                	unimp
  bc:	0500                	addi	s0,sp,640
  be:	0000                	unimp
  c0:	0500                	addi	s0,sp,640
  c2:	0000                	unimp
  c4:	0500                	addi	s0,sp,640
  c6:	0000                	unimp
  c8:	0500                	addi	s0,sp,640
  ca:	0000                	unimp
  cc:	0500                	addi	s0,sp,640
  ce:	0000                	unimp
  d0:	0500                	addi	s0,sp,640
  d2:	0000                	unimp
  d4:	0500                	addi	s0,sp,640
  d6:	0000                	unimp
  d8:	0500                	addi	s0,sp,640
  da:	0000                	unimp
  dc:	0500                	addi	s0,sp,640
  de:	0000                	unimp
  e0:	0500                	addi	s0,sp,640
  e2:	0000                	unimp
  e4:	0500                	addi	s0,sp,640
  e6:	0000                	unimp
  e8:	0500                	addi	s0,sp,640
  ea:	0000                	unimp
  ec:	0500                	addi	s0,sp,640
  ee:	0000                	unimp
  f0:	0500                	addi	s0,sp,640
  f2:	0000                	unimp
  f4:	0500                	addi	s0,sp,640
  f6:	0000                	unimp
  f8:	0500                	addi	s0,sp,640
  fa:	0000                	unimp
  fc:	0500                	addi	s0,sp,640
	...

Disassembly of section .text:

00000100 <__riscv_save_12>:
     100:	7139                	addi	sp,sp,-64
     102:	4301                	li	t1,0
     104:	c66e                	sw	s11,12(sp)
     106:	a019                	j	10c <__riscv_save_10+0x4>

00000108 <__riscv_save_10>:
     108:	7139                	addi	sp,sp,-64
     10a:	5341                	li	t1,-16
     10c:	c86a                	sw	s10,16(sp)
     10e:	ca66                	sw	s9,20(sp)
     110:	cc62                	sw	s8,24(sp)
     112:	ce5e                	sw	s7,28(sp)
     114:	a019                	j	11a <__riscv_save_4+0x4>

00000116 <__riscv_save_4>:
     116:	7139                	addi	sp,sp,-64
     118:	5301                	li	t1,-32
     11a:	d05a                	sw	s6,32(sp)
     11c:	d256                	sw	s5,36(sp)
     11e:	d452                	sw	s4,40(sp)
     120:	d64e                	sw	s3,44(sp)
     122:	d84a                	sw	s2,48(sp)
     124:	da26                	sw	s1,52(sp)
     126:	dc22                	sw	s0,56(sp)
     128:	de06                	sw	ra,60(sp)
     12a:	40610133          	sub	sp,sp,t1
     12e:	8282                	jr	t0

00000130 <__riscv_save_0>:
     130:	1141                	addi	sp,sp,-16
     132:	c04a                	sw	s2,0(sp)
     134:	c226                	sw	s1,4(sp)
     136:	c422                	sw	s0,8(sp)
     138:	c606                	sw	ra,12(sp)
     13a:	8282                	jr	t0

0000013c <__riscv_restore_12>:
     13c:	4db2                	lw	s11,12(sp)
     13e:	0141                	addi	sp,sp,16

00000140 <__riscv_restore_10>:
     140:	4d02                	lw	s10,0(sp)
     142:	4c92                	lw	s9,4(sp)
     144:	4c22                	lw	s8,8(sp)
     146:	4bb2                	lw	s7,12(sp)
     148:	0141                	addi	sp,sp,16

0000014a <__riscv_restore_4>:
     14a:	4b02                	lw	s6,0(sp)
     14c:	4a92                	lw	s5,4(sp)
     14e:	4a22                	lw	s4,8(sp)
     150:	49b2                	lw	s3,12(sp)
     152:	0141                	addi	sp,sp,16

00000154 <__riscv_restore_0>:
     154:	4902                	lw	s2,0(sp)
     156:	4492                	lw	s1,4(sp)
     158:	4422                	lw	s0,8(sp)
     15a:	40b2                	lw	ra,12(sp)
     15c:	0141                	addi	sp,sp,16
     15e:	8082                	ret

00000160 <memset>:
     160:	433d                	li	t1,15
     162:	872a                	mv	a4,a0
     164:	02c37363          	bgeu	t1,a2,18a <memset+0x2a>
     168:	00f77793          	andi	a5,a4,15
     16c:	efbd                	bnez	a5,1ea <memset+0x8a>
     16e:	e5ad                	bnez	a1,1d8 <memset+0x78>
     170:	ff067693          	andi	a3,a2,-16
     174:	8a3d                	andi	a2,a2,15
     176:	96ba                	add	a3,a3,a4
     178:	c30c                	sw	a1,0(a4)
     17a:	c34c                	sw	a1,4(a4)
     17c:	c70c                	sw	a1,8(a4)
     17e:	c74c                	sw	a1,12(a4)
     180:	0741                	addi	a4,a4,16
     182:	fed76be3          	bltu	a4,a3,178 <memset+0x18>
     186:	e211                	bnez	a2,18a <memset+0x2a>
     188:	8082                	ret
     18a:	40c306b3          	sub	a3,t1,a2
     18e:	068a                	slli	a3,a3,0x2
     190:	00000297          	auipc	t0,0x0
     194:	9696                	add	a3,a3,t0
     196:	00a68067          	jr	10(a3)
     19a:	00b70723          	sb	a1,14(a4)
     19e:	00b706a3          	sb	a1,13(a4)
     1a2:	00b70623          	sb	a1,12(a4)
     1a6:	00b705a3          	sb	a1,11(a4)
     1aa:	00b70523          	sb	a1,10(a4)
     1ae:	00b704a3          	sb	a1,9(a4)
     1b2:	00b70423          	sb	a1,8(a4)
     1b6:	00b703a3          	sb	a1,7(a4)
     1ba:	00b70323          	sb	a1,6(a4)
     1be:	00b702a3          	sb	a1,5(a4)
     1c2:	00b70223          	sb	a1,4(a4)
     1c6:	00b701a3          	sb	a1,3(a4)
     1ca:	00b70123          	sb	a1,2(a4)
     1ce:	00b700a3          	sb	a1,1(a4)
     1d2:	00b70023          	sb	a1,0(a4)
     1d6:	8082                	ret
     1d8:	0ff5f593          	andi	a1,a1,255
     1dc:	00859693          	slli	a3,a1,0x8
     1e0:	8dd5                	or	a1,a1,a3
     1e2:	01059693          	slli	a3,a1,0x10
     1e6:	8dd5                	or	a1,a1,a3
     1e8:	b761                	j	170 <memset+0x10>
     1ea:	00279693          	slli	a3,a5,0x2
     1ee:	00000297          	auipc	t0,0x0
     1f2:	9696                	add	a3,a3,t0
     1f4:	8286                	mv	t0,ra
     1f6:	fa8680e7          	jalr	-88(a3)
     1fa:	8096                	mv	ra,t0
     1fc:	17c1                	addi	a5,a5,-16
     1fe:	8f1d                	sub	a4,a4,a5
     200:	963e                	add	a2,a2,a5
     202:	f8c374e3          	bgeu	t1,a2,18a <memset+0x2a>
     206:	b7a5                	j	16e <memset+0xe>

00000208 <NMI_Handler>:
     208:	a001                	j	208 <NMI_Handler>

0000020a <HardFault_Handler>:
     20a:	beef07b7          	lui	a5,0xbeef0
     20e:	e000e737          	lui	a4,0xe000e
     212:	08078793          	addi	a5,a5,128 # beef0080 <_eusrstack+0x9eeeb080>
     216:	c73c                	sw	a5,72(a4)
     218:	a001                	j	218 <HardFault_Handler+0xe>

0000021a <DMA1_Channel3_IRQHandler>:
     21a:	81c1a783          	lw	a5,-2020(gp) # 2000009c <intr_into_cnt>
     21e:	83818513          	addi	a0,gp,-1992 # 200000b8 <g_dma_double_buf>
     222:	0785                	addi	a5,a5,1
     224:	80f1ae23          	sw	a5,-2020(gp) # 2000009c <intr_into_cnt>
     228:	17d000ef          	jal	ra,ba4 <DMA_DoubleBuf_IRQHandler>
     22c:	30200073          	mret

00000230 <my_dma_completeCallback>:
     230:	81818793          	addi	a5,gp,-2024 # 20000098 <_edata>
     234:	4398                	lw	a4,0(a5)
     236:	0705                	addi	a4,a4,1
     238:	c398                	sw	a4,0(a5)
     23a:	8082                	ret

0000023c <my_dma_errorCallback>:
     23c:	ef5ff2ef          	jal	t0,130 <__riscv_save_0>
     240:	00002537          	lui	a0,0x2
     244:	35450513          	addi	a0,a0,852 # 2354 <_read+0x15c>
     248:	6d5000ef          	jal	ra,111c <puts>
     24c:	b721                	j	154 <__riscv_restore_0>

0000024e <main>:
     24e:	ebbff2ef          	jal	t0,108 <__riscv_save_10>
     252:	7101                	addi	sp,sp,-512
     254:	4505                	li	a0,1
     256:	2361                	jal	7de <NVIC_PriorityGroupConfig>
     258:	2c19                	jal	46e <SystemCoreClockUpdate>
     25a:	41b000ef          	jal	ra,e74 <Delay_Init>
     25e:	6571                	lui	a0,0x1c
     260:	20050513          	addi	a0,a0,512 # 1c200 <_data_lma+0x19dfc>
     264:	43b000ef          	jal	ra,e9e <USART_Printf_Init>
     268:	200007b7          	lui	a5,0x20000
     26c:	0807a583          	lw	a1,128(a5) # 20000080 <SystemCoreClock>
     270:	00002537          	lui	a0,0x2
     274:	20850513          	addi	a0,a0,520 # 2208 <_read+0x10>
     278:	591000ef          	jal	ra,1008 <iprintf>
     27c:	2e01                	jal	58c <DBGMCU_GetCHIPID>
     27e:	85aa                	mv	a1,a0
     280:	00002537          	lui	a0,0x2
     284:	21850513          	addi	a0,a0,536 # 2218 <_read+0x20>
     288:	581000ef          	jal	ra,1008 <iprintf>
     28c:	00002537          	lui	a0,0x2
     290:	22850513          	addi	a0,a0,552 # 2228 <_read+0x30>
     294:	689000ef          	jal	ra,111c <puts>
     298:	3c9000ef          	jal	ra,e60 <Platform_DMA_Init>
     29c:	000007b7          	lui	a5,0x0
     2a0:	00000737          	lui	a4,0x0
     2a4:	20001637          	lui	a2,0x20001
     2a8:	200005b7          	lui	a1,0x20000
     2ac:	0e858593          	addi	a1,a1,232 # 200000e8 <spi_dma_buf1>
     2b0:	83818513          	addi	a0,gp,-1992 # 200000b8 <g_dma_double_buf>
     2b4:	23c78793          	addi	a5,a5,572 # 23c <my_dma_errorCallback>
     2b8:	23070713          	addi	a4,a4,560 # 230 <my_dma_completeCallback>
     2bc:	6685                	lui	a3,0x1
     2be:	0e860613          	addi	a2,a2,232 # 200010e8 <spi_dma_buf2>
     2c2:	7e6000ef          	jal	ra,aa8 <DMA_DoubleBuf_Init>
     2c6:	65a9                	lui	a1,0xa
     2c8:	83818513          	addi	a0,gp,-1992 # 200000b8 <g_dma_double_buf>
     2cc:	007000ef          	jal	ra,ad2 <DMA_DoubleBuf_Start>
     2d0:	c52d                	beqz	a0,33a <main+0xec>
     2d2:	00002537          	lui	a0,0x2
     2d6:	24050513          	addi	a0,a0,576 # 2240 <_read+0x48>
     2da:	643000ef          	jal	ra,111c <puts>
     2de:	4781                	li	a5,0
     2e0:	20000713          	li	a4,512
     2e4:	00f106b3          	add	a3,sp,a5
     2e8:	a29c                	sb	a5,0(a3)
     2ea:	0785                	addi	a5,a5,1
     2ec:	fee79ce3          	bne	a5,a4,2e4 <main+0x96>
     2f0:	4481                	li	s1,0
     2f2:	6aa9                	lui	s5,0xa
     2f4:	1ff00b13          	li	s6,511
     2f8:	00002bb7          	lui	s7,0x2
     2fc:	0554e463          	bltu	s1,s5,344 <main+0xf6>
     300:	00002537          	lui	a0,0x2
     304:	2bc50513          	addi	a0,a0,700 # 22bc <_read+0xc4>
     308:	615000ef          	jal	ra,111c <puts>
     30c:	547d                	li	s0,-1
     30e:	000029b7          	lui	s3,0x2
     312:	000024b7          	lui	s1,0x2
     316:	81818793          	addi	a5,gp,-2024 # 20000098 <_edata>
     31a:	4398                	lw	a4,0(a5)
     31c:	fe870de3          	beq	a4,s0,316 <main+0xc8>
     320:	4380                	lw	s0,0(a5)
     322:	438c                	lw	a1,0(a5)
     324:	2fc98513          	addi	a0,s3,764 # 22fc <_read+0x104>
     328:	4e1000ef          	jal	ra,1008 <iprintf>
     32c:	81c1a583          	lw	a1,-2020(gp) # 2000009c <intr_into_cnt>
     330:	33448513          	addi	a0,s1,820 # 2334 <_read+0x13c>
     334:	4d5000ef          	jal	ra,1008 <iprintf>
     338:	bff9                	j	316 <main+0xc8>
     33a:	00002537          	lui	a0,0x2
     33e:	27050513          	addi	a0,a0,624 # 2270 <_read+0x78>
     342:	bf61                	j	2da <main+0x8c>
     344:	83818513          	addi	a0,gp,-1992 # 200000b8 <g_dma_double_buf>
     348:	7b2000ef          	jal	ra,afa <DMA_DoubleBuf_GetFreeSpace>
     34c:	892a                	mv	s2,a0
     34e:	d55d                	beqz	a0,2fc <main+0xae>
     350:	409a89b3          	sub	s3,s5,s1
     354:	20000413          	li	s0,512
     358:	00ab6363          	bltu	s6,a0,35e <main+0x110>
     35c:	842a                	mv	s0,a0
     35e:	0089f363          	bgeu	s3,s0,364 <main+0x116>
     362:	844e                	mv	s0,s3
     364:	8622                	mv	a2,s0
     366:	858a                	mv	a1,sp
     368:	83818513          	addi	a0,gp,-1992 # 200000b8 <g_dma_double_buf>
     36c:	7ae000ef          	jal	ra,b1a <DMA_DoubleBuf_WriteData>
     370:	c119                	beqz	a0,376 <main+0x128>
     372:	94a2                	add	s1,s1,s0
     374:	b761                	j	2fc <main+0xae>
     376:	864e                	mv	a2,s3
     378:	85ca                	mv	a1,s2
     37a:	28cb8513          	addi	a0,s7,652 # 228c <_read+0x94>
     37e:	48b000ef          	jal	ra,1008 <iprintf>
     382:	bfad                	j	2fc <main+0xae>

00000384 <SystemInit>:
     384:	400217b7          	lui	a5,0x40021
     388:	4398                	lw	a4,0(a5)
     38a:	f0ff06b7          	lui	a3,0xf0ff0
     38e:	1141                	addi	sp,sp,-16
     390:	00176713          	ori	a4,a4,1
     394:	c398                	sw	a4,0(a5)
     396:	43d8                	lw	a4,4(a5)
     398:	00020637          	lui	a2,0x20
     39c:	8f75                	and	a4,a4,a3
     39e:	c3d8                	sw	a4,4(a5)
     3a0:	4398                	lw	a4,0(a5)
     3a2:	fef706b7          	lui	a3,0xfef70
     3a6:	16fd                	addi	a3,a3,-1
     3a8:	8f75                	and	a4,a4,a3
     3aa:	c398                	sw	a4,0(a5)
     3ac:	4398                	lw	a4,0(a5)
     3ae:	fffc06b7          	lui	a3,0xfffc0
     3b2:	16fd                	addi	a3,a3,-1
     3b4:	8f75                	and	a4,a4,a3
     3b6:	c398                	sw	a4,0(a5)
     3b8:	43d8                	lw	a4,4(a5)
     3ba:	ff0106b7          	lui	a3,0xff010
     3be:	16fd                	addi	a3,a3,-1
     3c0:	8f75                	and	a4,a4,a3
     3c2:	c3d8                	sw	a4,4(a5)
     3c4:	009f0737          	lui	a4,0x9f0
     3c8:	c798                	sw	a4,8(a5)
     3ca:	c402                	sw	zero,8(sp)
     3cc:	c602                	sw	zero,12(sp)
     3ce:	4398                	lw	a4,0(a5)
     3d0:	66c1                	lui	a3,0x10
     3d2:	8f55                	or	a4,a4,a3
     3d4:	c398                	sw	a4,0(a5)
     3d6:	400216b7          	lui	a3,0x40021
     3da:	6705                	lui	a4,0x1
     3dc:	429c                	lw	a5,0(a3)
     3de:	8ff1                	and	a5,a5,a2
     3e0:	c63e                	sw	a5,12(sp)
     3e2:	47a2                	lw	a5,8(sp)
     3e4:	0785                	addi	a5,a5,1
     3e6:	c43e                	sw	a5,8(sp)
     3e8:	47b2                	lw	a5,12(sp)
     3ea:	e781                	bnez	a5,3f2 <SystemInit+0x6e>
     3ec:	47a2                	lw	a5,8(sp)
     3ee:	fee797e3          	bne	a5,a4,3dc <SystemInit+0x58>
     3f2:	400217b7          	lui	a5,0x40021
     3f6:	439c                	lw	a5,0(a5)
     3f8:	00e79713          	slli	a4,a5,0xe
     3fc:	06075763          	bgez	a4,46a <SystemInit+0xe6>
     400:	4785                	li	a5,1
     402:	c63e                	sw	a5,12(sp)
     404:	4732                	lw	a4,12(sp)
     406:	4785                	li	a5,1
     408:	04f71f63          	bne	a4,a5,466 <SystemInit+0xe2>
     40c:	400217b7          	lui	a5,0x40021
     410:	43d8                	lw	a4,4(a5)
     412:	ffc106b7          	lui	a3,0xffc10
     416:	16fd                	addi	a3,a3,-1
     418:	c3d8                	sw	a4,4(a5)
     41a:	43d8                	lw	a4,4(a5)
     41c:	c3d8                	sw	a4,4(a5)
     41e:	43d8                	lw	a4,4(a5)
     420:	40076713          	ori	a4,a4,1024
     424:	c3d8                	sw	a4,4(a5)
     426:	43d8                	lw	a4,4(a5)
     428:	8f75                	and	a4,a4,a3
     42a:	c3d8                	sw	a4,4(a5)
     42c:	43d8                	lw	a4,4(a5)
     42e:	003d06b7          	lui	a3,0x3d0
     432:	8f55                	or	a4,a4,a3
     434:	c3d8                	sw	a4,4(a5)
     436:	4398                	lw	a4,0(a5)
     438:	010006b7          	lui	a3,0x1000
     43c:	8f55                	or	a4,a4,a3
     43e:	c398                	sw	a4,0(a5)
     440:	4398                	lw	a4,0(a5)
     442:	00671693          	slli	a3,a4,0x6
     446:	fe06dde3          	bgez	a3,440 <SystemInit+0xbc>
     44a:	43d8                	lw	a4,4(a5)
     44c:	400216b7          	lui	a3,0x40021
     450:	9b71                	andi	a4,a4,-4
     452:	c3d8                	sw	a4,4(a5)
     454:	43d8                	lw	a4,4(a5)
     456:	00276713          	ori	a4,a4,2
     45a:	c3d8                	sw	a4,4(a5)
     45c:	4721                	li	a4,8
     45e:	42dc                	lw	a5,4(a3)
     460:	8bb1                	andi	a5,a5,12
     462:	fee79ee3          	bne	a5,a4,45e <SystemInit+0xda>
     466:	0141                	addi	sp,sp,16
     468:	8082                	ret
     46a:	c602                	sw	zero,12(sp)
     46c:	bf61                	j	404 <SystemInit+0x80>

0000046e <SystemCoreClockUpdate>:
     46e:	400216b7          	lui	a3,0x40021
     472:	42dc                	lw	a5,4(a3)
     474:	20000737          	lui	a4,0x20000
     478:	4611                	li	a2,4
     47a:	8bb1                	andi	a5,a5,12
     47c:	08070713          	addi	a4,a4,128 # 20000080 <SystemCoreClock>
     480:	00c78563          	beq	a5,a2,48a <SystemCoreClockUpdate+0x1c>
     484:	4621                	li	a2,8
     486:	02c78863          	beq	a5,a2,4b6 <SystemCoreClockUpdate+0x48>
     48a:	007a17b7          	lui	a5,0x7a1
     48e:	20078793          	addi	a5,a5,512 # 7a1200 <_data_lma+0x79edfc>
     492:	c31c                	sw	a5,0(a4)
     494:	400217b7          	lui	a5,0x40021
     498:	43dc                	lw	a5,4(a5)
     49a:	8391                	srli	a5,a5,0x4
     49c:	00f7f693          	andi	a3,a5,15
     4a0:	200007b7          	lui	a5,0x20000
     4a4:	00078793          	mv	a5,a5
     4a8:	97b6                	add	a5,a5,a3
     4aa:	2394                	lbu	a3,0(a5)
     4ac:	431c                	lw	a5,0(a4)
     4ae:	00d7d7b3          	srl	a5,a5,a3
     4b2:	c31c                	sw	a5,0(a4)
     4b4:	8082                	ret
     4b6:	42dc                	lw	a5,4(a3)
     4b8:	42d4                	lw	a3,4(a3)
     4ba:	6641                	lui	a2,0x10
     4bc:	83c9                	srli	a5,a5,0x12
     4be:	8bbd                	andi	a5,a5,15
     4c0:	8ef1                	and	a3,a3,a2
     4c2:	0789                	addi	a5,a5,2
     4c4:	4645                	li	a2,17
     4c6:	00c79363          	bne	a5,a2,4cc <SystemCoreClockUpdate+0x5e>
     4ca:	47c9                	li	a5,18
     4cc:	ee81                	bnez	a3,4e4 <SystemCoreClockUpdate+0x76>
     4ce:	400246b7          	lui	a3,0x40024
     4d2:	8006a683          	lw	a3,-2048(a3) # 40023800 <_eusrstack+0x2001e800>
     4d6:	8ac1                	andi	a3,a3,16
     4d8:	ce89                	beqz	a3,4f2 <SystemCoreClockUpdate+0x84>
     4da:	007a16b7          	lui	a3,0x7a1
     4de:	20068693          	addi	a3,a3,512 # 7a1200 <_data_lma+0x79edfc>
     4e2:	a821                	j	4fa <SystemCoreClockUpdate+0x8c>
     4e4:	400216b7          	lui	a3,0x40021
     4e8:	42d4                	lw	a3,4(a3)
     4ea:	00e69613          	slli	a2,a3,0xe
     4ee:	fe0656e3          	bgez	a2,4da <SystemCoreClockUpdate+0x6c>
     4f2:	003d16b7          	lui	a3,0x3d1
     4f6:	90068693          	addi	a3,a3,-1792 # 3d0900 <_data_lma+0x3ce4fc>
     4fa:	02d787b3          	mul	a5,a5,a3
     4fe:	bf51                	j	492 <SystemCoreClockUpdate+0x24>

00000500 <ADC1_2_IRQHandler>:
     500:	a001                	j	500 <ADC1_2_IRQHandler>

00000502 <handle_reset>:
     502:	20000197          	auipc	gp,0x20000
     506:	37e18193          	addi	gp,gp,894 # 20000880 <__global_pointer$>
     50a:	20005117          	auipc	sp,0x20005
     50e:	af610113          	addi	sp,sp,-1290 # 20005000 <_eusrstack>
     512:	00002517          	auipc	a0,0x2
     516:	ef250513          	addi	a0,a0,-270 # 2404 <_data_lma>
     51a:	20000597          	auipc	a1,0x20000
     51e:	ae658593          	addi	a1,a1,-1306 # 20000000 <_data_vma>
     522:	81818613          	addi	a2,gp,-2024 # 20000098 <_edata>
     526:	00c5fa63          	bgeu	a1,a2,53a <handle_reset+0x38>
     52a:	00052283          	lw	t0,0(a0)
     52e:	0055a023          	sw	t0,0(a1)
     532:	0511                	addi	a0,a0,4
     534:	0591                	addi	a1,a1,4
     536:	fec5eae3          	bltu	a1,a2,52a <handle_reset+0x28>
     53a:	81818513          	addi	a0,gp,-2024 # 20000098 <_edata>
     53e:	20002597          	auipc	a1,0x20002
     542:	bce58593          	addi	a1,a1,-1074 # 2000210c <_ebss>
     546:	00b57763          	bgeu	a0,a1,554 <handle_reset+0x52>
     54a:	00052023          	sw	zero,0(a0)
     54e:	0511                	addi	a0,a0,4
     550:	feb56de3          	bltu	a0,a1,54a <handle_reset+0x48>
     554:	42fd                	li	t0,31
     556:	bc029073          	csrw	0xbc0,t0
     55a:	428d                	li	t0,3
     55c:	80429073          	csrw	0x804,t0
     560:	08800293          	li	t0,136
     564:	30029073          	csrw	mstatus,t0
     568:	00000297          	auipc	t0,0x0
     56c:	a9c28293          	addi	t0,t0,-1380 # 4 <_einit>
     570:	0032e293          	ori	t0,t0,3
     574:	30529073          	csrw	mtvec,t0
     578:	e0dff0ef          	jal	ra,384 <SystemInit>
     57c:	00000297          	auipc	t0,0x0
     580:	cd228293          	addi	t0,t0,-814 # 24e <main>
     584:	34129073          	csrw	mepc,t0
     588:	30200073          	mret

0000058c <DBGMCU_GetCHIPID>:
     58c:	1ffff7b7          	lui	a5,0x1ffff
     590:	7047a503          	lw	a0,1796(a5) # 1ffff704 <_data_lma+0x1fffd300>
     594:	8082                	ret

00000596 <DMA_DeInit>:
     596:	411c                	lw	a5,0(a0)
     598:	6741                	lui	a4,0x10
     59a:	1779                	addi	a4,a4,-2
     59c:	8ff9                	and	a5,a5,a4
     59e:	c11c                	sw	a5,0(a0)
     5a0:	00052023          	sw	zero,0(a0)
     5a4:	00052223          	sw	zero,4(a0)
     5a8:	00052423          	sw	zero,8(a0)
     5ac:	400207b7          	lui	a5,0x40020
     5b0:	00052623          	sw	zero,12(a0)
     5b4:	00878713          	addi	a4,a5,8 # 40020008 <_eusrstack+0x2001b008>
     5b8:	00e51663          	bne	a0,a4,5c4 <DMA_DeInit+0x2e>
     5bc:	43d8                	lw	a4,4(a5)
     5be:	00f76713          	ori	a4,a4,15
     5c2:	a801                	j	5d2 <DMA_DeInit+0x3c>
     5c4:	01c78713          	addi	a4,a5,28
     5c8:	00e51763          	bne	a0,a4,5d6 <DMA_DeInit+0x40>
     5cc:	43d8                	lw	a4,4(a5)
     5ce:	0f076713          	ori	a4,a4,240
     5d2:	c3d8                	sw	a4,4(a5)
     5d4:	a8b1                	j	630 <DMA_DeInit+0x9a>
     5d6:	03078713          	addi	a4,a5,48
     5da:	00e51863          	bne	a0,a4,5ea <DMA_DeInit+0x54>
     5de:	43d8                	lw	a4,4(a5)
     5e0:	6685                	lui	a3,0x1
     5e2:	f0068693          	addi	a3,a3,-256 # f00 <_write+0xe>
     5e6:	8f55                	or	a4,a4,a3
     5e8:	b7ed                	j	5d2 <DMA_DeInit+0x3c>
     5ea:	04478713          	addi	a4,a5,68
     5ee:	00e51563          	bne	a0,a4,5f8 <DMA_DeInit+0x62>
     5f2:	43d8                	lw	a4,4(a5)
     5f4:	66bd                	lui	a3,0xf
     5f6:	bfc5                	j	5e6 <DMA_DeInit+0x50>
     5f8:	05878713          	addi	a4,a5,88
     5fc:	00e51663          	bne	a0,a4,608 <DMA_DeInit+0x72>
     600:	43d8                	lw	a4,4(a5)
     602:	000f06b7          	lui	a3,0xf0
     606:	b7c5                	j	5e6 <DMA_DeInit+0x50>
     608:	06c78713          	addi	a4,a5,108
     60c:	00e51663          	bne	a0,a4,618 <DMA_DeInit+0x82>
     610:	43d8                	lw	a4,4(a5)
     612:	00f006b7          	lui	a3,0xf00
     616:	bfc1                	j	5e6 <DMA_DeInit+0x50>
     618:	08078713          	addi	a4,a5,128
     61c:	00e51663          	bne	a0,a4,628 <DMA_DeInit+0x92>
     620:	43d8                	lw	a4,4(a5)
     622:	0f0006b7          	lui	a3,0xf000
     626:	b7c1                	j	5e6 <DMA_DeInit+0x50>
     628:	09478713          	addi	a4,a5,148
     62c:	f8e508e3          	beq	a0,a4,5bc <DMA_DeInit+0x26>
     630:	8082                	ret

00000632 <DMA_Init>:
     632:	411c                	lw	a5,0(a0)
     634:	7761                	lui	a4,0xffff8
     636:	073d                	addi	a4,a4,15
     638:	5194                	lw	a3,32(a1)
     63a:	8f7d                	and	a4,a4,a5
     63c:	459c                	lw	a5,8(a1)
     63e:	8fd5                	or	a5,a5,a3
     640:	4994                	lw	a3,16(a1)
     642:	8fd5                	or	a5,a5,a3
     644:	49d4                	lw	a3,20(a1)
     646:	8fd5                	or	a5,a5,a3
     648:	4d94                	lw	a3,24(a1)
     64a:	8fd5                	or	a5,a5,a3
     64c:	4dd4                	lw	a3,28(a1)
     64e:	8fd5                	or	a5,a5,a3
     650:	51d4                	lw	a3,36(a1)
     652:	8fd5                	or	a5,a5,a3
     654:	5594                	lw	a3,40(a1)
     656:	8fd5                	or	a5,a5,a3
     658:	8fd9                	or	a5,a5,a4
     65a:	c11c                	sw	a5,0(a0)
     65c:	45dc                	lw	a5,12(a1)
     65e:	c15c                	sw	a5,4(a0)
     660:	419c                	lw	a5,0(a1)
     662:	c51c                	sw	a5,8(a0)
     664:	41dc                	lw	a5,4(a1)
     666:	c55c                	sw	a5,12(a0)
     668:	8082                	ret

0000066a <DMA_StructInit>:
     66a:	00052023          	sw	zero,0(a0)
     66e:	00052223          	sw	zero,4(a0)
     672:	00052423          	sw	zero,8(a0)
     676:	00052623          	sw	zero,12(a0)
     67a:	00052823          	sw	zero,16(a0)
     67e:	00052a23          	sw	zero,20(a0)
     682:	00052c23          	sw	zero,24(a0)
     686:	00052e23          	sw	zero,28(a0)
     68a:	02052023          	sw	zero,32(a0)
     68e:	02052223          	sw	zero,36(a0)
     692:	02052423          	sw	zero,40(a0)
     696:	8082                	ret

00000698 <DMA_Cmd>:
     698:	411c                	lw	a5,0(a0)
     69a:	c589                	beqz	a1,6a4 <DMA_Cmd+0xc>
     69c:	0017e793          	ori	a5,a5,1
     6a0:	c11c                	sw	a5,0(a0)
     6a2:	8082                	ret
     6a4:	6741                	lui	a4,0x10
     6a6:	1779                	addi	a4,a4,-2
     6a8:	8ff9                	and	a5,a5,a4
     6aa:	bfdd                	j	6a0 <DMA_Cmd+0x8>

000006ac <DMA_ITConfig>:
     6ac:	411c                	lw	a5,0(a0)
     6ae:	c601                	beqz	a2,6b6 <DMA_ITConfig+0xa>
     6b0:	8ddd                	or	a1,a1,a5
     6b2:	c10c                	sw	a1,0(a0)
     6b4:	8082                	ret
     6b6:	fff5c593          	not	a1,a1
     6ba:	8dfd                	and	a1,a1,a5
     6bc:	bfdd                	j	6b2 <DMA_ITConfig+0x6>

000006be <DMA_GetCurrDataCounter>:
     6be:	4148                	lw	a0,4(a0)
     6c0:	0542                	slli	a0,a0,0x10
     6c2:	8141                	srli	a0,a0,0x10
     6c4:	8082                	ret

000006c6 <DMA_GetFlagStatus>:
     6c6:	400207b7          	lui	a5,0x40020
     6ca:	439c                	lw	a5,0(a5)
     6cc:	8d7d                	and	a0,a0,a5
     6ce:	00a03533          	snez	a0,a0
     6d2:	8082                	ret

000006d4 <DMA_ClearFlag>:
     6d4:	400207b7          	lui	a5,0x40020
     6d8:	c3c8                	sw	a0,4(a5)
     6da:	8082                	ret

000006dc <DMA_GetITStatus>:
     6dc:	a55ff2ef          	jal	t0,130 <__riscv_save_0>
     6e0:	37dd                	jal	6c6 <DMA_GetFlagStatus>
     6e2:	bc8d                	j	154 <__riscv_restore_0>

000006e4 <DMA_ClearITPendingBit>:
     6e4:	400207b7          	lui	a5,0x40020
     6e8:	c3c8                	sw	a0,4(a5)
     6ea:	8082                	ret

000006ec <GPIO_Init>:
     6ec:	459c                	lw	a5,8(a1)
     6ee:	0107f713          	andi	a4,a5,16
     6f2:	00f7f813          	andi	a6,a5,15
     6f6:	c701                	beqz	a4,6fe <GPIO_Init+0x12>
     6f8:	41d8                	lw	a4,4(a1)
     6fa:	00e86833          	or	a6,a6,a4
     6fe:	40022737          	lui	a4,0x40022
     702:	5b14                	lw	a3,48(a4)
     704:	0f000737          	lui	a4,0xf000
     708:	8f75                	and	a4,a4,a3
     70a:	eb4d                	bnez	a4,7bc <GPIO_Init+0xd0>
     70c:	4685                	li	a3,1
     70e:	82d18023          	sb	a3,-2016(gp) # 200000a0 <MCU_Version>
     712:	40011737          	lui	a4,0x40011
     716:	00e51563          	bne	a0,a4,720 <GPIO_Init+0x34>
     71a:	219a                	lhu	a4,0(a1)
     71c:	8335                	srli	a4,a4,0xd
     71e:	a19a                	sh	a4,0(a1)
     720:	218e                	lhu	a1,0(a1)
     722:	0ff5f713          	andi	a4,a1,255
     726:	c339                	beqz	a4,76c <GPIO_Init+0x80>
     728:	4118                	lw	a4,0(a0)
     72a:	4681                	li	a3,0
     72c:	4e85                	li	t4,1
     72e:	4f3d                	li	t5,15
     730:	02800f93          	li	t6,40
     734:	04800293          	li	t0,72
     738:	4e21                	li	t3,8
     73a:	00de9633          	sll	a2,t4,a3
     73e:	00c5f8b3          	and	a7,a1,a2
     742:	03161163          	bne	a2,a7,764 <GPIO_Init+0x78>
     746:	00269893          	slli	a7,a3,0x2
     74a:	011f1333          	sll	t1,t5,a7
     74e:	fff34313          	not	t1,t1
     752:	00e37733          	and	a4,t1,a4
     756:	011818b3          	sll	a7,a6,a7
     75a:	00e8e733          	or	a4,a7,a4
     75e:	07f79763          	bne	a5,t6,7cc <GPIO_Init+0xe0>
     762:	c950                	sw	a2,20(a0)
     764:	0685                	addi	a3,a3,1
     766:	fdc69ae3          	bne	a3,t3,73a <GPIO_Init+0x4e>
     76a:	c118                	sw	a4,0(a0)
     76c:	0ff00713          	li	a4,255
     770:	04b77563          	bgeu	a4,a1,7ba <GPIO_Init+0xce>
     774:	4154                	lw	a3,4(a0)
     776:	4621                	li	a2,8
     778:	4e85                	li	t4,1
     77a:	4f3d                	li	t5,15
     77c:	02800f93          	li	t6,40
     780:	04800293          	li	t0,72
     784:	4e41                	li	t3,16
     786:	00ce98b3          	sll	a7,t4,a2
     78a:	0115f733          	and	a4,a1,a7
     78e:	02e89263          	bne	a7,a4,7b2 <GPIO_Init+0xc6>
     792:	00261713          	slli	a4,a2,0x2
     796:	1701                	addi	a4,a4,-32
     798:	00ef1333          	sll	t1,t5,a4
     79c:	fff34313          	not	t1,t1
     7a0:	00d376b3          	and	a3,t1,a3
     7a4:	00e81733          	sll	a4,a6,a4
     7a8:	8ed9                	or	a3,a3,a4
     7aa:	03f79563          	bne	a5,t6,7d4 <GPIO_Init+0xe8>
     7ae:	01152a23          	sw	a7,20(a0)
     7b2:	0605                	addi	a2,a2,1
     7b4:	fdc619e3          	bne	a2,t3,786 <GPIO_Init+0x9a>
     7b8:	c154                	sw	a3,4(a0)
     7ba:	8082                	ret
     7bc:	40011737          	lui	a4,0x40011
     7c0:	f6e510e3          	bne	a0,a4,720 <GPIO_Init+0x34>
     7c4:	8201c703          	lbu	a4,-2016(gp) # 200000a0 <MCU_Version>
     7c8:	df21                	beqz	a4,720 <GPIO_Init+0x34>
     7ca:	bf81                	j	71a <GPIO_Init+0x2e>
     7cc:	f8579ce3          	bne	a5,t0,764 <GPIO_Init+0x78>
     7d0:	c910                	sw	a2,16(a0)
     7d2:	bf49                	j	764 <GPIO_Init+0x78>
     7d4:	fc579fe3          	bne	a5,t0,7b2 <GPIO_Init+0xc6>
     7d8:	01152823          	sw	a7,16(a0)
     7dc:	bfd9                	j	7b2 <GPIO_Init+0xc6>

000007de <NVIC_PriorityGroupConfig>:
     7de:	82a1a223          	sw	a0,-2012(gp) # 200000a4 <NVIC_Priority_Group>
     7e2:	8082                	ret

000007e4 <NVIC_Init>:
     7e4:	8241a703          	lw	a4,-2012(gp) # 200000a4 <NVIC_Priority_Group>
     7e8:	4785                	li	a5,1
     7ea:	2114                	lbu	a3,0(a0)
     7ec:	02f71063          	bne	a4,a5,80c <__stack_size+0xc>
     7f0:	311c                	lbu	a5,1(a0)
     7f2:	02e79c63          	bne	a5,a4,82a <__stack_size+0x2a>
     7f6:	213c                	lbu	a5,2(a0)
     7f8:	0796                	slli	a5,a5,0x5
     7fa:	f807e793          	ori	a5,a5,-128
     7fe:	e000e737          	lui	a4,0xe000e
     802:	0ff7f793          	andi	a5,a5,255
     806:	9736                	add	a4,a4,a3
     808:	40f70023          	sb	a5,1024(a4) # e000e400 <_eusrstack+0xc0009400>
     80c:	4705                	li	a4,1
     80e:	0056d793          	srli	a5,a3,0x5
     812:	00d71733          	sll	a4,a4,a3
     816:	4154                	lw	a3,4(a0)
     818:	ce89                	beqz	a3,832 <__stack_size+0x32>
     81a:	04078793          	addi	a5,a5,64 # 40020040 <_eusrstack+0x2001b040>
     81e:	078a                	slli	a5,a5,0x2
     820:	e000e6b7          	lui	a3,0xe000e
     824:	97b6                	add	a5,a5,a3
     826:	c398                	sw	a4,0(a5)
     828:	8082                	ret
     82a:	f3ed                	bnez	a5,80c <__stack_size+0xc>
     82c:	213c                	lbu	a5,2(a0)
     82e:	0796                	slli	a5,a5,0x5
     830:	b7f9                	j	7fe <NVIC_Init+0x1a>
     832:	06078793          	addi	a5,a5,96
     836:	b7e5                	j	81e <__stack_size+0x1e>

00000838 <RCC_GetClocksFreq>:
     838:	40021737          	lui	a4,0x40021
     83c:	435c                	lw	a5,4(a4)
     83e:	4691                	li	a3,4
     840:	8bb1                	andi	a5,a5,12
     842:	00d78563          	beq	a5,a3,84c <RCC_GetClocksFreq+0x14>
     846:	46a1                	li	a3,8
     848:	06d78263          	beq	a5,a3,8ac <RCC_GetClocksFreq+0x74>
     84c:	007a17b7          	lui	a5,0x7a1
     850:	20078793          	addi	a5,a5,512 # 7a1200 <_data_lma+0x79edfc>
     854:	c11c                	sw	a5,0(a0)
     856:	40021637          	lui	a2,0x40021
     85a:	425c                	lw	a5,4(a2)
     85c:	20000737          	lui	a4,0x20000
     860:	01070713          	addi	a4,a4,16 # 20000010 <APBAHBPrescTable>
     864:	8391                	srli	a5,a5,0x4
     866:	8bbd                	andi	a5,a5,15
     868:	97ba                	add	a5,a5,a4
     86a:	2394                	lbu	a3,0(a5)
     86c:	411c                	lw	a5,0(a0)
     86e:	00d7d7b3          	srl	a5,a5,a3
     872:	c15c                	sw	a5,4(a0)
     874:	4254                	lw	a3,4(a2)
     876:	82a1                	srli	a3,a3,0x8
     878:	8a9d                	andi	a3,a3,7
     87a:	96ba                	add	a3,a3,a4
     87c:	2294                	lbu	a3,0(a3)
     87e:	00d7d6b3          	srl	a3,a5,a3
     882:	c514                	sw	a3,8(a0)
     884:	4254                	lw	a3,4(a2)
     886:	82ad                	srli	a3,a3,0xb
     888:	8a9d                	andi	a3,a3,7
     88a:	9736                	add	a4,a4,a3
     88c:	2318                	lbu	a4,0(a4)
     88e:	00e7d7b3          	srl	a5,a5,a4
     892:	c55c                	sw	a5,12(a0)
     894:	4258                	lw	a4,4(a2)
     896:	8339                	srli	a4,a4,0xe
     898:	00377693          	andi	a3,a4,3
     89c:	80418713          	addi	a4,gp,-2044 # 20000084 <ADCPrescTable>
     8a0:	9736                	add	a4,a4,a3
     8a2:	2318                	lbu	a4,0(a4)
     8a4:	02e7d7b3          	divu	a5,a5,a4
     8a8:	c91c                	sw	a5,16(a0)
     8aa:	8082                	ret
     8ac:	435c                	lw	a5,4(a4)
     8ae:	4358                	lw	a4,4(a4)
     8b0:	66c1                	lui	a3,0x10
     8b2:	83c9                	srli	a5,a5,0x12
     8b4:	8bbd                	andi	a5,a5,15
     8b6:	8f75                	and	a4,a4,a3
     8b8:	0789                	addi	a5,a5,2
     8ba:	46c5                	li	a3,17
     8bc:	00d79363          	bne	a5,a3,8c2 <RCC_GetClocksFreq+0x8a>
     8c0:	47c9                	li	a5,18
     8c2:	ef01                	bnez	a4,8da <RCC_GetClocksFreq+0xa2>
     8c4:	40024737          	lui	a4,0x40024
     8c8:	80072703          	lw	a4,-2048(a4) # 40023800 <_eusrstack+0x2001e800>
     8cc:	8b41                	andi	a4,a4,16
     8ce:	cf09                	beqz	a4,8e8 <RCC_GetClocksFreq+0xb0>
     8d0:	007a1737          	lui	a4,0x7a1
     8d4:	20070713          	addi	a4,a4,512 # 7a1200 <_data_lma+0x79edfc>
     8d8:	a821                	j	8f0 <RCC_GetClocksFreq+0xb8>
     8da:	40021737          	lui	a4,0x40021
     8de:	4358                	lw	a4,4(a4)
     8e0:	00e71693          	slli	a3,a4,0xe
     8e4:	fe06d6e3          	bgez	a3,8d0 <RCC_GetClocksFreq+0x98>
     8e8:	003d1737          	lui	a4,0x3d1
     8ec:	90070713          	addi	a4,a4,-1792 # 3d0900 <_data_lma+0x3ce4fc>
     8f0:	02e787b3          	mul	a5,a5,a4
     8f4:	b785                	j	854 <RCC_GetClocksFreq+0x1c>

000008f6 <RCC_AHBPeriphClockCmd>:
     8f6:	c599                	beqz	a1,904 <RCC_AHBPeriphClockCmd+0xe>
     8f8:	40021737          	lui	a4,0x40021
     8fc:	4b5c                	lw	a5,20(a4)
     8fe:	8d5d                	or	a0,a0,a5
     900:	cb48                	sw	a0,20(a4)
     902:	8082                	ret
     904:	400217b7          	lui	a5,0x40021
     908:	4bd8                	lw	a4,20(a5)
     90a:	fff54513          	not	a0,a0
     90e:	8d79                	and	a0,a0,a4
     910:	cbc8                	sw	a0,20(a5)
     912:	8082                	ret

00000914 <RCC_APB2PeriphClockCmd>:
     914:	c599                	beqz	a1,922 <RCC_APB2PeriphClockCmd+0xe>
     916:	40021737          	lui	a4,0x40021
     91a:	4f1c                	lw	a5,24(a4)
     91c:	8d5d                	or	a0,a0,a5
     91e:	cf08                	sw	a0,24(a4)
     920:	8082                	ret
     922:	400217b7          	lui	a5,0x40021
     926:	4f98                	lw	a4,24(a5)
     928:	fff54513          	not	a0,a0
     92c:	8d79                	and	a0,a0,a4
     92e:	cf88                	sw	a0,24(a5)
     930:	8082                	ret

00000932 <SPI_Init>:
     932:	211a                	lhu	a4,0(a0)
     934:	678d                	lui	a5,0x3
     936:	04078793          	addi	a5,a5,64 # 3040 <_data_lma+0xc3c>
     93a:	21b6                	lhu	a3,2(a1)
     93c:	8f7d                	and	a4,a4,a5
     93e:	219e                	lhu	a5,0(a1)
     940:	8fd5                	or	a5,a5,a3
     942:	21d6                	lhu	a3,4(a1)
     944:	8fd5                	or	a5,a5,a3
     946:	21f6                	lhu	a3,6(a1)
     948:	8fd5                	or	a5,a5,a3
     94a:	2596                	lhu	a3,8(a1)
     94c:	8fd5                	or	a5,a5,a3
     94e:	25b6                	lhu	a3,10(a1)
     950:	8fd5                	or	a5,a5,a3
     952:	25d6                	lhu	a3,12(a1)
     954:	8fd5                	or	a5,a5,a3
     956:	25f6                	lhu	a3,14(a1)
     958:	8fd5                	or	a5,a5,a3
     95a:	8fd9                	or	a5,a5,a4
     95c:	a11e                	sh	a5,0(a0)
     95e:	2d5a                	lhu	a4,28(a0)
     960:	77fd                	lui	a5,0xfffff
     962:	7ff78793          	addi	a5,a5,2047 # fffff7ff <_eusrstack+0xdfffa7ff>
     966:	8ff9                	and	a5,a5,a4
     968:	ad5e                	sh	a5,28(a0)
     96a:	299e                	lhu	a5,16(a1)
     96c:	a91e                	sh	a5,16(a0)
     96e:	8082                	ret

00000970 <SPI_Cmd>:
     970:	211e                	lhu	a5,0(a0)
     972:	c589                	beqz	a1,97c <SPI_Cmd+0xc>
     974:	0407e793          	ori	a5,a5,64
     978:	a11e                	sh	a5,0(a0)
     97a:	8082                	ret
     97c:	07c2                	slli	a5,a5,0x10
     97e:	83c1                	srli	a5,a5,0x10
     980:	fbf7f793          	andi	a5,a5,-65
     984:	07c2                	slli	a5,a5,0x10
     986:	83c1                	srli	a5,a5,0x10
     988:	bfc5                	j	978 <SPI_Cmd+0x8>

0000098a <SPI_I2S_DMACmd>:
     98a:	215e                	lhu	a5,4(a0)
     98c:	c601                	beqz	a2,994 <SPI_I2S_DMACmd+0xa>
     98e:	8ddd                	or	a1,a1,a5
     990:	a14e                	sh	a1,4(a0)
     992:	8082                	ret
     994:	fff5c593          	not	a1,a1
     998:	8dfd                	and	a1,a1,a5
     99a:	bfdd                	j	990 <SPI_I2S_DMACmd+0x6>

0000099c <USART_Init>:
     99c:	f94ff2ef          	jal	t0,130 <__riscv_save_0>
     9a0:	2916                	lhu	a3,16(a0)
     9a2:	77f5                	lui	a5,0xffffd
     9a4:	17fd                	addi	a5,a5,-1
     9a6:	8ff5                	and	a5,a5,a3
     9a8:	21f6                	lhu	a3,6(a1)
     9aa:	25da                	lhu	a4,12(a1)
     9ac:	7179                	addi	sp,sp,-48
     9ae:	8fd5                	or	a5,a5,a3
     9b0:	a91e                	sh	a5,16(a0)
     9b2:	2556                	lhu	a3,12(a0)
     9b4:	77fd                	lui	a5,0xfffff
     9b6:	9f378793          	addi	a5,a5,-1549 # ffffe9f3 <_eusrstack+0xdfff99f3>
     9ba:	8ff5                	and	a5,a5,a3
     9bc:	21d6                	lhu	a3,4(a1)
     9be:	842a                	mv	s0,a0
     9c0:	c62e                	sw	a1,12(sp)
     9c2:	8fd5                	or	a5,a5,a3
     9c4:	2596                	lhu	a3,8(a1)
     9c6:	8fd5                	or	a5,a5,a3
     9c8:	25b6                	lhu	a3,10(a1)
     9ca:	8fd5                	or	a5,a5,a3
     9cc:	a55e                	sh	a5,12(a0)
     9ce:	295e                	lhu	a5,20(a0)
     9d0:	07c2                	slli	a5,a5,0x10
     9d2:	83c1                	srli	a5,a5,0x10
     9d4:	cff7f793          	andi	a5,a5,-769
     9d8:	8fd9                	or	a5,a5,a4
     9da:	a95e                	sh	a5,20(a0)
     9dc:	0868                	addi	a0,sp,28
     9de:	3da9                	jal	838 <RCC_GetClocksFreq>
     9e0:	400147b7          	lui	a5,0x40014
     9e4:	80078793          	addi	a5,a5,-2048 # 40013800 <_eusrstack+0x2000e800>
     9e8:	45b2                	lw	a1,12(sp)
     9ea:	02f41e63          	bne	s0,a5,a26 <USART_Init+0x8a>
     9ee:	57a2                	lw	a5,40(sp)
     9f0:	4765                	li	a4,25
     9f2:	02e787b3          	mul	a5,a5,a4
     9f6:	4198                	lw	a4,0(a1)
     9f8:	06400693          	li	a3,100
     9fc:	070a                	slli	a4,a4,0x2
     9fe:	02e7d7b3          	divu	a5,a5,a4
     a02:	02d7d733          	divu	a4,a5,a3
     a06:	02d7f7b3          	remu	a5,a5,a3
     a0a:	0712                	slli	a4,a4,0x4
     a0c:	0792                	slli	a5,a5,0x4
     a0e:	03278793          	addi	a5,a5,50
     a12:	02d7d7b3          	divu	a5,a5,a3
     a16:	8bbd                	andi	a5,a5,15
     a18:	8fd9                	or	a5,a5,a4
     a1a:	07c2                	slli	a5,a5,0x10
     a1c:	83c1                	srli	a5,a5,0x10
     a1e:	a41e                	sh	a5,8(s0)
     a20:	6145                	addi	sp,sp,48
     a22:	f32ff06f          	j	154 <__riscv_restore_0>
     a26:	5792                	lw	a5,36(sp)
     a28:	b7e1                	j	9f0 <USART_Init+0x54>

00000a2a <USART_Cmd>:
     a2a:	c591                	beqz	a1,a36 <USART_Cmd+0xc>
     a2c:	255e                	lhu	a5,12(a0)
     a2e:	6709                	lui	a4,0x2
     a30:	8fd9                	or	a5,a5,a4
     a32:	a55e                	sh	a5,12(a0)
     a34:	8082                	ret
     a36:	255a                	lhu	a4,12(a0)
     a38:	77f9                	lui	a5,0xffffe
     a3a:	17fd                	addi	a5,a5,-1
     a3c:	8ff9                	and	a5,a5,a4
     a3e:	bfd5                	j	a32 <USART_Cmd+0x8>

00000a40 <USART_SendData>:
     a40:	1ff5f593          	andi	a1,a1,511
     a44:	a14e                	sh	a1,4(a0)
     a46:	8082                	ret

00000a48 <USART_GetFlagStatus>:
     a48:	210a                	lhu	a0,0(a0)
     a4a:	8d6d                	and	a0,a0,a1
     a4c:	00a03533          	snez	a0,a0
     a50:	8082                	ret

00000a52 <DMA_DoubleBuf_StartNextTransfer>:
     a52:	02854703          	lbu	a4,40(a0)
     a56:	87aa                	mv	a5,a0
     a58:	0ff77713          	andi	a4,a4,255
     a5c:	cb0d                	beqz	a4,a8e <DMA_DoubleBuf_StartNextTransfer+0x3c>
     a5e:	4108                	lw	a0,0(a0)
     a60:	4bd8                	lw	a4,20(a5)
     a62:	02a70663          	beq	a4,a0,a8e <DMA_DoubleBuf_StartNextTransfer+0x3c>
     a66:	02078423          	sb	zero,40(a5) # ffffe028 <_eusrstack+0xdfff9028>
     a6a:	cd15                	beqz	a0,aa6 <DMA_DoubleBuf_StartNextTransfer+0x54>
     a6c:	4fd8                	lw	a4,28(a5)
     a6e:	478c                	lw	a1,8(a5)
     a70:	00e5e363          	bltu	a1,a4,a76 <DMA_DoubleBuf_StartNextTransfer+0x24>
     a74:	4fcc                	lw	a1,28(a5)
     a76:	cbc8                	sw	a0,20(a5)
     a78:	d7cc                	sw	a1,44(a5)
     a7a:	200027b7          	lui	a5,0x20002
     a7e:	0fc7a783          	lw	a5,252(a5) # 200020fc <platform_dma+0x14>
     a82:	c395                	beqz	a5,aa6 <DMA_DoubleBuf_StartNextTransfer+0x54>
     a84:	eacff2ef          	jal	t0,130 <__riscv_save_0>
     a88:	9782                	jalr	a5
     a8a:	ecaff06f          	j	154 <__riscv_restore_0>
     a8e:	0297c703          	lbu	a4,41(a5)
     a92:	0ff77713          	andi	a4,a4,255
     a96:	cb01                	beqz	a4,aa6 <DMA_DoubleBuf_StartNextTransfer+0x54>
     a98:	43c8                	lw	a0,4(a5)
     a9a:	4bd8                	lw	a4,20(a5)
     a9c:	00a70563          	beq	a4,a0,aa6 <DMA_DoubleBuf_StartNextTransfer+0x54>
     aa0:	020784a3          	sb	zero,41(a5)
     aa4:	b7d9                	j	a6a <DMA_DoubleBuf_StartNextTransfer+0x18>
     aa6:	8082                	ret

00000aa8 <DMA_DoubleBuf_Init>:
     aa8:	00052e23          	sw	zero,28(a0)
     aac:	02052023          	sw	zero,32(a0)
     ab0:	02052223          	sw	zero,36(a0)
     ab4:	02050423          	sb	zero,40(a0)
     ab8:	020504a3          	sb	zero,41(a0)
     abc:	c10c                	sw	a1,0(a0)
     abe:	c150                	sw	a2,4(a0)
     ac0:	c514                	sw	a3,8(a0)
     ac2:	c558                	sw	a4,12(a0)
     ac4:	c91c                	sw	a5,16(a0)
     ac6:	00052a23          	sw	zero,20(a0)
     aca:	cd0c                	sw	a1,24(a0)
     acc:	02052623          	sw	zero,44(a0)
     ad0:	8082                	ret

00000ad2 <DMA_DoubleBuf_Start>:
     ad2:	5158                	lw	a4,36(a0)
     ad4:	4785                	li	a5,1
     ad6:	02f70063          	beq	a4,a5,af6 <DMA_DoubleBuf_Start+0x24>
     ada:	cd4c                	sw	a1,28(a0)
     adc:	02052023          	sw	zero,32(a0)
     ae0:	d15c                	sw	a5,36(a0)
     ae2:	411c                	lw	a5,0(a0)
     ae4:	02050423          	sb	zero,40(a0)
     ae8:	020504a3          	sb	zero,41(a0)
     aec:	cd1c                	sw	a5,24(a0)
     aee:	00052a23          	sw	zero,20(a0)
     af2:	4505                	li	a0,1
     af4:	8082                	ret
     af6:	4501                	li	a0,0
     af8:	8082                	ret

00000afa <DMA_DoubleBuf_GetFreeSpace>:
     afa:	5158                	lw	a4,36(a0)
     afc:	4785                	li	a5,1
     afe:	00f71c63          	bne	a4,a5,b16 <DMA_DoubleBuf_GetFreeSpace+0x1c>
     b02:	4d14                	lw	a3,24(a0)
     b04:	4958                	lw	a4,20(a0)
     b06:	4781                	li	a5,0
     b08:	00e68563          	beq	a3,a4,b12 <DMA_DoubleBuf_GetFreeSpace+0x18>
     b0c:	5118                	lw	a4,32(a0)
     b0e:	451c                	lw	a5,8(a0)
     b10:	8f99                	sub	a5,a5,a4
     b12:	853e                	mv	a0,a5
     b14:	8082                	ret
     b16:	4781                	li	a5,0
     b18:	bfed                	j	b12 <DMA_DoubleBuf_GetFreeSpace+0x18>

00000b1a <DMA_DoubleBuf_WriteData>:
     b1a:	5158                	lw	a4,36(a0)
     b1c:	4785                	li	a5,1
     b1e:	00f70863          	beq	a4,a5,b2e <DMA_DoubleBuf_WriteData+0x14>
     b22:	4501                	li	a0,0
     b24:	8082                	ret
     b26:	4501                	li	a0,0
     b28:	0141                	addi	sp,sp,16
     b2a:	e2aff06f          	j	154 <__riscv_restore_0>
     b2e:	e02ff2ef          	jal	t0,130 <__riscv_save_0>
     b32:	1141                	addi	sp,sp,-16
     b34:	842a                	mv	s0,a0
     b36:	8932                	mv	s2,a2
     b38:	c62e                	sw	a1,12(sp)
     b3a:	37c1                	jal	afa <DMA_DoubleBuf_GetFreeSpace>
     b3c:	d56d                	beqz	a0,b26 <DMA_DoubleBuf_WriteData+0xc>
     b3e:	84aa                	mv	s1,a0
     b40:	45b2                	lw	a1,12(sp)
     b42:	00a97363          	bgeu	s2,a0,b48 <DMA_DoubleBuf_WriteData+0x2e>
     b46:	84ca                	mv	s1,s2
     b48:	501c                	lw	a5,32(s0)
     b4a:	4c08                	lw	a0,24(s0)
     b4c:	8626                	mv	a2,s1
     b4e:	953e                	add	a0,a0,a5
     b50:	2119                	jal	f56 <memcpy>
     b52:	5008                	lw	a0,32(s0)
     b54:	441c                	lw	a5,8(s0)
     b56:	94aa                	add	s1,s1,a0
     b58:	d004                	sw	s1,32(s0)
     b5a:	5018                	lw	a4,32(s0)
     b5c:	00f77863          	bgeu	a4,a5,b6c <DMA_DoubleBuf_WriteData+0x52>
     b60:	5018                	lw	a4,32(s0)
     b62:	4c5c                	lw	a5,28(s0)
     b64:	00f77463          	bgeu	a4,a5,b6c <DMA_DoubleBuf_WriteData+0x52>
     b68:	4505                	li	a0,1
     b6a:	bf7d                	j	b28 <DMA_DoubleBuf_WriteData+0xe>
     b6c:	401c                	lw	a5,0(s0)
     b6e:	4c18                	lw	a4,24(s0)
     b70:	02f71663          	bne	a4,a5,b9c <DMA_DoubleBuf_WriteData+0x82>
     b74:	4785                	li	a5,1
     b76:	02f40423          	sb	a5,40(s0)
     b7a:	405c                	lw	a5,4(s0)
     b7c:	cc1c                	sw	a5,24(s0)
     b7e:	200027b7          	lui	a5,0x20002
     b82:	1047a783          	lw	a5,260(a5) # 20002104 <platform_dma+0x1c>
     b86:	02042023          	sw	zero,32(s0)
     b8a:	4501                	li	a0,0
     b8c:	c391                	beqz	a5,b90 <DMA_DoubleBuf_WriteData+0x76>
     b8e:	9782                	jalr	a5
     b90:	485c                	lw	a5,20(s0)
     b92:	fbf9                	bnez	a5,b68 <DMA_DoubleBuf_WriteData+0x4e>
     b94:	f971                	bnez	a0,b68 <DMA_DoubleBuf_WriteData+0x4e>
     b96:	8522                	mv	a0,s0
     b98:	3d6d                	jal	a52 <DMA_DoubleBuf_StartNextTransfer>
     b9a:	b7f9                	j	b68 <DMA_DoubleBuf_WriteData+0x4e>
     b9c:	4705                	li	a4,1
     b9e:	02e404a3          	sb	a4,41(s0)
     ba2:	bfe9                	j	b7c <DMA_DoubleBuf_WriteData+0x62>

00000ba4 <DMA_DoubleBuf_IRQHandler>:
     ba4:	d8cff2ef          	jal	t0,130 <__riscv_save_0>
     ba8:	5154                	lw	a3,36(a0)
     baa:	200024b7          	lui	s1,0x20002
     bae:	4705                	li	a4,1
     bb0:	0e84a783          	lw	a5,232(s1) # 200020e8 <platform_dma>
     bb4:	0e848493          	addi	s1,s1,232
     bb8:	00e68e63          	beq	a3,a4,bd4 <DMA_DoubleBuf_IRQHandler+0x30>
     bbc:	c789                	beqz	a5,bc6 <DMA_DoubleBuf_IRQHandler+0x22>
     bbe:	9782                	jalr	a5
     bc0:	c119                	beqz	a0,bc6 <DMA_DoubleBuf_IRQHandler+0x22>
     bc2:	40dc                	lw	a5,4(s1)
     bc4:	9782                	jalr	a5
     bc6:	449c                	lw	a5,8(s1)
     bc8:	cfb9                	beqz	a5,c26 <DMA_DoubleBuf_IRQHandler+0x82>
     bca:	9782                	jalr	a5
     bcc:	cd29                	beqz	a0,c26 <DMA_DoubleBuf_IRQHandler+0x82>
     bce:	44dc                	lw	a5,12(s1)
     bd0:	9782                	jalr	a5
     bd2:	a891                	j	c26 <DMA_DoubleBuf_IRQHandler+0x82>
     bd4:	842a                	mv	s0,a0
     bd6:	cb9d                	beqz	a5,c0c <DMA_DoubleBuf_IRQHandler+0x68>
     bd8:	9782                	jalr	a5
     bda:	c90d                	beqz	a0,c0c <DMA_DoubleBuf_IRQHandler+0x68>
     bdc:	40dc                	lw	a5,4(s1)
     bde:	9782                	jalr	a5
     be0:	5458                	lw	a4,44(s0)
     be2:	4c5c                	lw	a5,28(s0)
     be4:	00e7f363          	bgeu	a5,a4,bea <DMA_DoubleBuf_IRQHandler+0x46>
     be8:	4c58                	lw	a4,28(s0)
     bea:	4c5c                	lw	a5,28(s0)
     bec:	00042a23          	sw	zero,20(s0)
     bf0:	8f99                	sub	a5,a5,a4
     bf2:	cc5c                	sw	a5,28(s0)
     bf4:	02042623          	sw	zero,44(s0)
     bf8:	4c5c                	lw	a5,28(s0)
     bfa:	eb85                	bnez	a5,c2a <DMA_DoubleBuf_IRQHandler+0x86>
     bfc:	4789                	li	a5,2
     bfe:	d05c                	sw	a5,36(s0)
     c00:	4c9c                	lw	a5,24(s1)
     c02:	c391                	beqz	a5,c06 <DMA_DoubleBuf_IRQHandler+0x62>
     c04:	9782                	jalr	a5
     c06:	445c                	lw	a5,12(s0)
     c08:	c391                	beqz	a5,c0c <DMA_DoubleBuf_IRQHandler+0x68>
     c0a:	9782                	jalr	a5
     c0c:	449c                	lw	a5,8(s1)
     c0e:	cf81                	beqz	a5,c26 <DMA_DoubleBuf_IRQHandler+0x82>
     c10:	9782                	jalr	a5
     c12:	c911                	beqz	a0,c26 <DMA_DoubleBuf_IRQHandler+0x82>
     c14:	44dc                	lw	a5,12(s1)
     c16:	9782                	jalr	a5
     c18:	478d                	li	a5,3
     c1a:	d05c                	sw	a5,36(s0)
     c1c:	4c9c                	lw	a5,24(s1)
     c1e:	c391                	beqz	a5,c22 <DMA_DoubleBuf_IRQHandler+0x7e>
     c20:	9782                	jalr	a5
     c22:	481c                	lw	a5,16(s0)
     c24:	f7d5                	bnez	a5,bd0 <DMA_DoubleBuf_IRQHandler+0x2c>
     c26:	d2eff06f          	j	154 <__riscv_restore_0>
     c2a:	8522                	mv	a0,s0
     c2c:	351d                	jal	a52 <DMA_DoubleBuf_StartNextTransfer>
     c2e:	bff9                	j	c0c <DMA_DoubleBuf_IRQHandler+0x68>

00000c30 <CH32_DMA_IsBusy>:
     c30:	400207b7          	lui	a5,0x40020
     c34:	5b88                	lw	a0,48(a5)
     c36:	8905                	andi	a0,a0,1
     c38:	8082                	ret

00000c3a <CH32_DMA_GetRemainingCount>:
     c3a:	cf6ff2ef          	jal	t0,130 <__riscv_save_0>
     c3e:	40020537          	lui	a0,0x40020
     c42:	03050513          	addi	a0,a0,48 # 40020030 <_eusrstack+0x2001b030>
     c46:	3ca5                	jal	6be <DMA_GetCurrDataCounter>
     c48:	d0cff06f          	j	154 <__riscv_restore_0>

00000c4c <CH32_DMA_StopTransfer>:
     c4c:	ce4ff2ef          	jal	t0,130 <__riscv_save_0>
     c50:	40020537          	lui	a0,0x40020
     c54:	4581                	li	a1,0
     c56:	03050513          	addi	a0,a0,48 # 40020030 <_eusrstack+0x2001b030>
     c5a:	3c3d                	jal	698 <DMA_Cmd>
     c5c:	4601                	li	a2,0
     c5e:	4589                	li	a1,2
     c60:	40013537          	lui	a0,0x40013
     c64:	331d                	jal	98a <SPI_I2S_DMACmd>
     c66:	ceeff06f          	j	154 <__riscv_restore_0>

00000c6a <CH32_DMA_ClearErrorFlag>:
     c6a:	cc6ff2ef          	jal	t0,130 <__riscv_save_0>
     c6e:	6505                	lui	a0,0x1
     c70:	80050513          	addi	a0,a0,-2048 # 800 <__stack_size>
     c74:	3c85                	jal	6e4 <DMA_ClearITPendingBit>
     c76:	cdeff06f          	j	154 <__riscv_restore_0>

00000c7a <CH32_DMA_ClearTCFlag>:
     c7a:	cb6ff2ef          	jal	t0,130 <__riscv_save_0>
     c7e:	20000513          	li	a0,512
     c82:	348d                	jal	6e4 <DMA_ClearITPendingBit>
     c84:	cd0ff06f          	j	154 <__riscv_restore_0>

00000c88 <CH32_DMA_StartTransfer>:
     c88:	ca8ff2ef          	jal	t0,130 <__riscv_save_0>
     c8c:	40020437          	lui	s0,0x40020
     c90:	7179                	addi	sp,sp,-48
     c92:	82b1a423          	sw	a1,-2008(gp) # 200000a8 <g_dma_current_len>
     c96:	892a                	mv	s2,a0
     c98:	84ae                	mv	s1,a1
     c9a:	03040513          	addi	a0,s0,48 # 40020030 <_eusrstack+0x2001b030>
     c9e:	4581                	li	a1,0
     ca0:	3ae5                	jal	698 <DMA_Cmd>
     ca2:	0048                	addi	a0,sp,4
     ca4:	32d9                	jal	66a <DMA_StructInit>
     ca6:	400137b7          	lui	a5,0x40013
     caa:	07b1                	addi	a5,a5,12
     cac:	c23e                	sw	a5,4(sp)
     cae:	47c1                	li	a5,16
     cb0:	c63e                	sw	a5,12(sp)
     cb2:	08000793          	li	a5,128
     cb6:	004c                	addi	a1,sp,4
     cb8:	cc3e                	sw	a5,24(sp)
     cba:	03040513          	addi	a0,s0,48
     cbe:	6789                	lui	a5,0x2
     cc0:	d43e                	sw	a5,40(sp)
     cc2:	c44a                	sw	s2,8(sp)
     cc4:	c826                	sw	s1,16(sp)
     cc6:	ca02                	sw	zero,20(sp)
     cc8:	6485                	lui	s1,0x1
     cca:	ce02                	sw	zero,28(sp)
     ccc:	d002                	sw	zero,32(sp)
     cce:	d202                	sw	zero,36(sp)
     cd0:	d602                	sw	zero,44(sp)
     cd2:	3285                	jal	632 <DMA_Init>
     cd4:	a0048513          	addi	a0,s1,-1536 # a00 <USART_Init+0x64>
     cd8:	3431                	jal	6e4 <DMA_ClearITPendingBit>
     cda:	a0048513          	addi	a0,s1,-1536
     cde:	3add                	jal	6d4 <DMA_ClearFlag>
     ce0:	03040513          	addi	a0,s0,48
     ce4:	4605                	li	a2,1
     ce6:	45a9                	li	a1,10
     ce8:	32d1                	jal	6ac <DMA_ITConfig>
     cea:	4605                	li	a2,1
     cec:	4589                	li	a1,2
     cee:	40013537          	lui	a0,0x40013
     cf2:	3961                	jal	98a <SPI_I2S_DMACmd>
     cf4:	4585                	li	a1,1
     cf6:	03040513          	addi	a0,s0,48
     cfa:	3a79                	jal	698 <DMA_Cmd>
     cfc:	6145                	addi	sp,sp,48
     cfe:	c56ff06f          	j	154 <__riscv_restore_0>

00000d02 <CH32_DMA_GetErrorFlag>:
     d02:	c2eff2ef          	jal	t0,130 <__riscv_save_0>
     d06:	6505                	lui	a0,0x1
     d08:	80050513          	addi	a0,a0,-2048 # 800 <__stack_size>
     d0c:	3ac1                	jal	6dc <DMA_GetITStatus>
     d0e:	157d                	addi	a0,a0,-1
     d10:	00153513          	seqz	a0,a0
     d14:	c40ff06f          	j	154 <__riscv_restore_0>

00000d18 <CH32_DMA_GetTCFlag>:
     d18:	c18ff2ef          	jal	t0,130 <__riscv_save_0>
     d1c:	20000513          	li	a0,512
     d20:	3a75                	jal	6dc <DMA_GetITStatus>
     d22:	157d                	addi	a0,a0,-1
     d24:	00153513          	seqz	a0,a0
     d28:	c2cff06f          	j	154 <__riscv_restore_0>

00000d2c <Platform_DMA_ModuleInit>:
     d2c:	c04ff2ef          	jal	t0,130 <__riscv_save_0>
     d30:	7179                	addi	sp,sp,-48
     d32:	4585                	li	a1,1
     d34:	6505                	lui	a0,0x1
     d36:	3ef9                	jal	914 <RCC_APB2PeriphClockCmd>
     d38:	4585                	li	a1,1
     d3a:	4505                	li	a0,1
     d3c:	3e6d                	jal	8f6 <RCC_AHBPeriphClockCmd>
     d3e:	4585                	li	a1,1
     d40:	4531                	li	a0,12
     d42:	3ec9                	jal	914 <RCC_APB2PeriphClockCmd>
     d44:	40020537          	lui	a0,0x40020
     d48:	03050513          	addi	a0,a0,48 # 40020030 <_eusrstack+0x2001b030>
     d4c:	84bff0ef          	jal	ra,596 <DMA_DeInit>
     d50:	40011437          	lui	s0,0x40011
     d54:	448d                	li	s1,3
     d56:	02000793          	li	a5,32
     d5a:	4961                	li	s2,24
     d5c:	080c                	addi	a1,sp,16
     d5e:	80040513          	addi	a0,s0,-2048 # 40010800 <_eusrstack+0x2000b800>
     d62:	80fc                	sh	a5,16(sp)
     d64:	cc4a                	sw	s2,24(sp)
     d66:	ca26                	sw	s1,20(sp)
     d68:	00011923          	sh	zero,18(sp)
     d6c:	3241                	jal	6ec <GPIO_Init>
     d6e:	08000793          	li	a5,128
     d72:	080c                	addi	a1,sp,16
     d74:	80040513          	addi	a0,s0,-2048
     d78:	80fc                	sh	a5,16(sp)
     d7a:	cc4a                	sw	s2,24(sp)
     d7c:	ca26                	sw	s1,20(sp)
     d7e:	96fff0ef          	jal	ra,6ec <GPIO_Init>
     d82:	4941                	li	s2,16
     d84:	10000793          	li	a5,256
     d88:	080c                	addi	a1,sp,16
     d8a:	c0040513          	addi	a0,s0,-1024
     d8e:	80fc                	sh	a5,16(sp)
     d90:	cc4a                	sw	s2,24(sp)
     d92:	ca26                	sw	s1,20(sp)
     d94:	959ff0ef          	jal	ra,6ec <GPIO_Init>
     d98:	4785                	li	a5,1
     d9a:	080c                	addi	a1,sp,16
     d9c:	c0040513          	addi	a0,s0,-1024
     da0:	80fc                	sh	a5,16(sp)
     da2:	cc4a                	sw	s2,24(sp)
     da4:	ca26                	sw	s1,20(sp)
     da6:	947ff0ef          	jal	ra,6ec <GPIO_Init>
     daa:	4789                	li	a5,2
     dac:	080c                	addi	a1,sp,16
     dae:	c0040513          	addi	a0,s0,-1024
     db2:	80fc                	sh	a5,16(sp)
     db4:	cc4a                	sw	s2,24(sp)
     db6:	ca26                	sw	s1,20(sp)
     db8:	935ff0ef          	jal	ra,6ec <GPIO_Init>
     dbc:	40000793          	li	a5,1024
     dc0:	080c                	addi	a1,sp,16
     dc2:	c0040513          	addi	a0,s0,-1024
     dc6:	80fc                	sh	a5,16(sp)
     dc8:	cc4a                	sw	s2,24(sp)
     dca:	ca26                	sw	s1,20(sp)
     dcc:	921ff0ef          	jal	ra,6ec <GPIO_Init>
     dd0:	0104c7b7          	lui	a5,0x104c
     dd4:	ce3e                	sw	a5,28(sp)
     dd6:	000207b7          	lui	a5,0x20
     dda:	d03e                	sw	a5,32(sp)
     ddc:	020007b7          	lui	a5,0x2000
     de0:	0785                	addi	a5,a5,1
     de2:	d23e                	sw	a5,36(sp)
     de4:	086c                	addi	a1,sp,28
     de6:	47a1                	li	a5,8
     de8:	40013537          	lui	a0,0x40013
     dec:	d43e                	sw	a5,40(sp)
     dee:	3691                	jal	932 <SPI_Init>
     df0:	4585                	li	a1,1
     df2:	40013537          	lui	a0,0x40013
     df6:	3ead                	jal	970 <SPI_Cmd>
     df8:	47f5                	li	a5,29
     dfa:	847c                	sh	a5,8(sp)
     dfc:	0028                	addi	a0,sp,8
     dfe:	4785                	li	a5,1
     e00:	c63e                	sw	a5,12(sp)
     e02:	00010523          	sb	zero,10(sp)
     e06:	3af9                	jal	7e4 <NVIC_Init>
     e08:	6145                	addi	sp,sp,48
     e0a:	b4aff06f          	j	154 <__riscv_restore_0>

00000e0e <Platform_DMA_InitInterface>:
     e0e:	000017b7          	lui	a5,0x1
     e12:	d1878793          	addi	a5,a5,-744 # d18 <CH32_DMA_GetTCFlag>
     e16:	c11c                	sw	a5,0(a0)
     e18:	000017b7          	lui	a5,0x1
     e1c:	c7a78793          	addi	a5,a5,-902 # c7a <CH32_DMA_ClearTCFlag>
     e20:	c15c                	sw	a5,4(a0)
     e22:	000017b7          	lui	a5,0x1
     e26:	d0278793          	addi	a5,a5,-766 # d02 <CH32_DMA_GetErrorFlag>
     e2a:	c51c                	sw	a5,8(a0)
     e2c:	000017b7          	lui	a5,0x1
     e30:	c6a78793          	addi	a5,a5,-918 # c6a <CH32_DMA_ClearErrorFlag>
     e34:	c55c                	sw	a5,12(a0)
     e36:	000017b7          	lui	a5,0x1
     e3a:	c3a78793          	addi	a5,a5,-966 # c3a <CH32_DMA_GetRemainingCount>
     e3e:	c91c                	sw	a5,16(a0)
     e40:	000017b7          	lui	a5,0x1
     e44:	c8878793          	addi	a5,a5,-888 # c88 <CH32_DMA_StartTransfer>
     e48:	c95c                	sw	a5,20(a0)
     e4a:	000017b7          	lui	a5,0x1
     e4e:	c4c78793          	addi	a5,a5,-948 # c4c <CH32_DMA_StopTransfer>
     e52:	cd1c                	sw	a5,24(a0)
     e54:	000017b7          	lui	a5,0x1
     e58:	c3078793          	addi	a5,a5,-976 # c30 <CH32_DMA_IsBusy>
     e5c:	cd5c                	sw	a5,28(a0)
     e5e:	8082                	ret

00000e60 <Platform_DMA_Init>:
     e60:	ad0ff2ef          	jal	t0,130 <__riscv_save_0>
     e64:	35e1                	jal	d2c <Platform_DMA_ModuleInit>
     e66:	20002537          	lui	a0,0x20002
     e6a:	0e850513          	addi	a0,a0,232 # 200020e8 <platform_dma>
     e6e:	3745                	jal	e0e <Platform_DMA_InitInterface>
     e70:	ae4ff06f          	j	154 <__riscv_restore_0>

00000e74 <Delay_Init>:
     e74:	200007b7          	lui	a5,0x20000
     e78:	0807a783          	lw	a5,128(a5) # 20000080 <SystemCoreClock>
     e7c:	007a1737          	lui	a4,0x7a1
     e80:	20070713          	addi	a4,a4,512 # 7a1200 <_data_lma+0x79edfc>
     e84:	02e7d7b3          	divu	a5,a5,a4
     e88:	0ff7f793          	andi	a5,a5,255
     e8c:	82f18723          	sb	a5,-2002(gp) # 200000ae <p_us>
     e90:	3e800713          	li	a4,1000
     e94:	02e787b3          	mul	a5,a5,a4
     e98:	82f19623          	sh	a5,-2004(gp) # 200000ac <p_ms>
     e9c:	8082                	ret

00000e9e <USART_Printf_Init>:
     e9e:	a92ff2ef          	jal	t0,130 <__riscv_save_0>
     ea2:	842a                	mv	s0,a0
     ea4:	6511                	lui	a0,0x4
     ea6:	1101                	addi	sp,sp,-32
     ea8:	4585                	li	a1,1
     eaa:	0511                	addi	a0,a0,4
     eac:	34a5                	jal	914 <RCC_APB2PeriphClockCmd>
     eae:	20000793          	li	a5,512
     eb2:	827c                	sh	a5,4(sp)
     eb4:	40011537          	lui	a0,0x40011
     eb8:	478d                	li	a5,3
     eba:	c43e                	sw	a5,8(sp)
     ebc:	004c                	addi	a1,sp,4
     ebe:	47e1                	li	a5,24
     ec0:	80050513          	addi	a0,a0,-2048 # 40010800 <_eusrstack+0x2000b800>
     ec4:	c63e                	sw	a5,12(sp)
     ec6:	827ff0ef          	jal	ra,6ec <GPIO_Init>
     eca:	c822                	sw	s0,16(sp)
     ecc:	40014437          	lui	s0,0x40014
     ed0:	000807b7          	lui	a5,0x80
     ed4:	080c                	addi	a1,sp,16
     ed6:	80040513          	addi	a0,s0,-2048 # 40013800 <_eusrstack+0x2000e800>
     eda:	cc3e                	sw	a5,24(sp)
     edc:	ca02                	sw	zero,20(sp)
     ede:	00011e23          	sh	zero,28(sp)
     ee2:	3c6d                	jal	99c <USART_Init>
     ee4:	4585                	li	a1,1
     ee6:	80040513          	addi	a0,s0,-2048
     eea:	3681                	jal	a2a <USART_Cmd>
     eec:	6105                	addi	sp,sp,32
     eee:	a66ff06f          	j	154 <__riscv_restore_0>

00000ef2 <_write>:
     ef2:	a24ff2ef          	jal	t0,116 <__riscv_save_4>
     ef6:	400144b7          	lui	s1,0x40014
     efa:	89ae                	mv	s3,a1
     efc:	8932                	mv	s2,a2
     efe:	4401                	li	s0,0
     f00:	80048493          	addi	s1,s1,-2048 # 40013800 <_eusrstack+0x2000e800>
     f04:	01244563          	blt	s0,s2,f0e <_write+0x1c>
     f08:	854a                	mv	a0,s2
     f0a:	a40ff06f          	j	14a <__riscv_restore_4>
     f0e:	04000593          	li	a1,64
     f12:	8526                	mv	a0,s1
     f14:	3e15                	jal	a48 <USART_GetFlagStatus>
     f16:	dd65                	beqz	a0,f0e <_write+0x1c>
     f18:	008987b3          	add	a5,s3,s0
     f1c:	00078583          	lb	a1,0(a5) # 80000 <_data_lma+0x7dbfc>
     f20:	8526                	mv	a0,s1
     f22:	0405                	addi	s0,s0,1
     f24:	05c2                	slli	a1,a1,0x10
     f26:	81c1                	srli	a1,a1,0x10
     f28:	3e21                	jal	a40 <USART_SendData>
     f2a:	bfe9                	j	f04 <_write+0x12>

00000f2c <_sbrk>:
     f2c:	80818713          	addi	a4,gp,-2040 # 20000088 <curbrk.4672>
     f30:	431c                	lw	a5,0(a4)
     f32:	200026b7          	lui	a3,0x20002
     f36:	10c68693          	addi	a3,a3,268 # 2000210c <_ebss>
     f3a:	953e                	add	a0,a0,a5
     f3c:	00d56b63          	bltu	a0,a3,f52 <_sbrk+0x26>
     f40:	200056b7          	lui	a3,0x20005
     f44:	80068693          	addi	a3,a3,-2048 # 20004800 <_heap_end>
     f48:	00a6e563          	bltu	a3,a0,f52 <_sbrk+0x26>
     f4c:	c308                	sw	a0,0(a4)
     f4e:	853e                	mv	a0,a5
     f50:	8082                	ret
     f52:	57fd                	li	a5,-1
     f54:	bfed                	j	f4e <_sbrk+0x22>

00000f56 <memcpy>:
     f56:	00a5c7b3          	xor	a5,a1,a0
     f5a:	8b8d                	andi	a5,a5,3
     f5c:	00c50733          	add	a4,a0,a2
     f60:	e781                	bnez	a5,f68 <memcpy+0x12>
     f62:	478d                	li	a5,3
     f64:	00c7ed63          	bltu	a5,a2,f7e <memcpy+0x28>
     f68:	87aa                	mv	a5,a0
     f6a:	08e57e63          	bgeu	a0,a4,1006 <memcpy+0xb0>
     f6e:	2194                	lbu	a3,0(a1)
     f70:	0785                	addi	a5,a5,1
     f72:	0585                	addi	a1,a1,1
     f74:	fed78fa3          	sb	a3,-1(a5)
     f78:	fee7ebe3          	bltu	a5,a4,f6e <memcpy+0x18>
     f7c:	8082                	ret
     f7e:	00357693          	andi	a3,a0,3
     f82:	87aa                	mv	a5,a0
     f84:	ca89                	beqz	a3,f96 <memcpy+0x40>
     f86:	2194                	lbu	a3,0(a1)
     f88:	0785                	addi	a5,a5,1
     f8a:	0585                	addi	a1,a1,1
     f8c:	fed78fa3          	sb	a3,-1(a5)
     f90:	0037f693          	andi	a3,a5,3
     f94:	bfc5                	j	f84 <memcpy+0x2e>
     f96:	ffc77693          	andi	a3,a4,-4
     f9a:	fe068613          	addi	a2,a3,-32
     f9e:	06c7f063          	bgeu	a5,a2,ffe <memcpy+0xa8>
     fa2:	0005a383          	lw	t2,0(a1)
     fa6:	0045a283          	lw	t0,4(a1)
     faa:	0085af83          	lw	t6,8(a1)
     fae:	00c5af03          	lw	t5,12(a1)
     fb2:	0105ae83          	lw	t4,16(a1)
     fb6:	0145ae03          	lw	t3,20(a1)
     fba:	0185a303          	lw	t1,24(a1)
     fbe:	01c5a883          	lw	a7,28(a1)
     fc2:	02458593          	addi	a1,a1,36
     fc6:	0077a023          	sw	t2,0(a5)
     fca:	ffc5a803          	lw	a6,-4(a1)
     fce:	0057a223          	sw	t0,4(a5)
     fd2:	01f7a423          	sw	t6,8(a5)
     fd6:	01e7a623          	sw	t5,12(a5)
     fda:	01d7a823          	sw	t4,16(a5)
     fde:	01c7aa23          	sw	t3,20(a5)
     fe2:	0067ac23          	sw	t1,24(a5)
     fe6:	0117ae23          	sw	a7,28(a5)
     fea:	02478793          	addi	a5,a5,36
     fee:	ff07ae23          	sw	a6,-4(a5)
     ff2:	b775                	j	f9e <memcpy+0x48>
     ff4:	4190                	lw	a2,0(a1)
     ff6:	0791                	addi	a5,a5,4
     ff8:	0591                	addi	a1,a1,4
     ffa:	fec7ae23          	sw	a2,-4(a5)
     ffe:	fed7ebe3          	bltu	a5,a3,ff4 <memcpy+0x9e>
    1002:	f6e7e6e3          	bltu	a5,a4,f6e <memcpy+0x18>
    1006:	8082                	ret

00001008 <iprintf>:
    1008:	7139                	addi	sp,sp,-64
    100a:	da3e                	sw	a5,52(sp)
    100c:	d22e                	sw	a1,36(sp)
    100e:	d432                	sw	a2,40(sp)
    1010:	d636                	sw	a3,44(sp)
    1012:	d83a                	sw	a4,48(sp)
    1014:	dc42                	sw	a6,56(sp)
    1016:	de46                	sw	a7,60(sp)
    1018:	80c18793          	addi	a5,gp,-2036 # 2000008c <_impure_ptr>
    101c:	cc22                	sw	s0,24(sp)
    101e:	4380                	lw	s0,0(a5)
    1020:	ca26                	sw	s1,20(sp)
    1022:	ce06                	sw	ra,28(sp)
    1024:	84aa                	mv	s1,a0
    1026:	c409                	beqz	s0,1030 <iprintf+0x28>
    1028:	4c1c                	lw	a5,24(s0)
    102a:	e399                	bnez	a5,1030 <iprintf+0x28>
    102c:	8522                	mv	a0,s0
    102e:	29ed                	jal	1528 <__sinit>
    1030:	440c                	lw	a1,8(s0)
    1032:	1054                	addi	a3,sp,36
    1034:	8626                	mv	a2,s1
    1036:	8522                	mv	a0,s0
    1038:	c636                	sw	a3,12(sp)
    103a:	127000ef          	jal	ra,1960 <_vfiprintf_r>
    103e:	40f2                	lw	ra,28(sp)
    1040:	4462                	lw	s0,24(sp)
    1042:	44d2                	lw	s1,20(sp)
    1044:	6121                	addi	sp,sp,64
    1046:	8082                	ret

00001048 <_puts_r>:
    1048:	1101                	addi	sp,sp,-32
    104a:	ca26                	sw	s1,20(sp)
    104c:	c84a                	sw	s2,16(sp)
    104e:	ce06                	sw	ra,28(sp)
    1050:	cc22                	sw	s0,24(sp)
    1052:	c64e                	sw	s3,12(sp)
    1054:	c452                	sw	s4,8(sp)
    1056:	84aa                	mv	s1,a0
    1058:	892e                	mv	s2,a1
    105a:	c501                	beqz	a0,1062 <_puts_r+0x1a>
    105c:	4d1c                	lw	a5,24(a0)
    105e:	e391                	bnez	a5,1062 <_puts_r+0x1a>
    1060:	21e1                	jal	1528 <__sinit>
    1062:	4c9c                	lw	a5,24(s1)
    1064:	4480                	lw	s0,8(s1)
    1066:	e399                	bnez	a5,106c <_puts_r+0x24>
    1068:	8526                	mv	a0,s1
    106a:	297d                	jal	1528 <__sinit>
    106c:	00001797          	auipc	a5,0x1
    1070:	31c78793          	addi	a5,a5,796 # 2388 <__sf_fake_stdin>
    1074:	02f41b63          	bne	s0,a5,10aa <_puts_r+0x62>
    1078:	40c0                	lw	s0,4(s1)
    107a:	245e                	lhu	a5,12(s0)
    107c:	8ba1                	andi	a5,a5,8
    107e:	c7b1                	beqz	a5,10ca <_puts_r+0x82>
    1080:	481c                	lw	a5,16(s0)
    1082:	c7a1                	beqz	a5,10ca <_puts_r+0x82>
    1084:	59fd                	li	s3,-1
    1086:	4a29                	li	s4,10
    1088:	441c                	lw	a5,8(s0)
    108a:	00094583          	lbu	a1,0(s2)
    108e:	17fd                	addi	a5,a5,-1
    1090:	e9b1                	bnez	a1,10e4 <_puts_r+0x9c>
    1092:	c41c                	sw	a5,8(s0)
    1094:	0607dd63          	bgez	a5,110e <_puts_r+0xc6>
    1098:	8622                	mv	a2,s0
    109a:	45a9                	li	a1,10
    109c:	8526                	mv	a0,s1
    109e:	2061                	jal	1126 <__swbuf_r>
    10a0:	57fd                	li	a5,-1
    10a2:	02f50863          	beq	a0,a5,10d2 <_puts_r+0x8a>
    10a6:	4529                	li	a0,10
    10a8:	a035                	j	10d4 <_puts_r+0x8c>
    10aa:	00001797          	auipc	a5,0x1
    10ae:	2fe78793          	addi	a5,a5,766 # 23a8 <__sf_fake_stdout>
    10b2:	00f41463          	bne	s0,a5,10ba <_puts_r+0x72>
    10b6:	4480                	lw	s0,8(s1)
    10b8:	b7c9                	j	107a <_puts_r+0x32>
    10ba:	00001797          	auipc	a5,0x1
    10be:	2ae78793          	addi	a5,a5,686 # 2368 <__sf_fake_stderr>
    10c2:	faf41ce3          	bne	s0,a5,107a <_puts_r+0x32>
    10c6:	44c0                	lw	s0,12(s1)
    10c8:	bf4d                	j	107a <_puts_r+0x32>
    10ca:	85a2                	mv	a1,s0
    10cc:	8526                	mv	a0,s1
    10ce:	2a11                	jal	11e2 <__swsetup_r>
    10d0:	d955                	beqz	a0,1084 <_puts_r+0x3c>
    10d2:	557d                	li	a0,-1
    10d4:	40f2                	lw	ra,28(sp)
    10d6:	4462                	lw	s0,24(sp)
    10d8:	44d2                	lw	s1,20(sp)
    10da:	4942                	lw	s2,16(sp)
    10dc:	49b2                	lw	s3,12(sp)
    10de:	4a22                	lw	s4,8(sp)
    10e0:	6105                	addi	sp,sp,32
    10e2:	8082                	ret
    10e4:	c41c                	sw	a5,8(s0)
    10e6:	0905                	addi	s2,s2,1
    10e8:	0007d763          	bgez	a5,10f6 <_puts_r+0xae>
    10ec:	4c18                	lw	a4,24(s0)
    10ee:	00e7ca63          	blt	a5,a4,1102 <_puts_r+0xba>
    10f2:	01458863          	beq	a1,s4,1102 <_puts_r+0xba>
    10f6:	401c                	lw	a5,0(s0)
    10f8:	00178713          	addi	a4,a5,1
    10fc:	c018                	sw	a4,0(s0)
    10fe:	a38c                	sb	a1,0(a5)
    1100:	b761                	j	1088 <_puts_r+0x40>
    1102:	8622                	mv	a2,s0
    1104:	8526                	mv	a0,s1
    1106:	2005                	jal	1126 <__swbuf_r>
    1108:	f93510e3          	bne	a0,s3,1088 <_puts_r+0x40>
    110c:	b7d9                	j	10d2 <_puts_r+0x8a>
    110e:	401c                	lw	a5,0(s0)
    1110:	00178713          	addi	a4,a5,1
    1114:	c018                	sw	a4,0(s0)
    1116:	4729                	li	a4,10
    1118:	a398                	sb	a4,0(a5)
    111a:	b771                	j	10a6 <_puts_r+0x5e>

0000111c <puts>:
    111c:	80c18793          	addi	a5,gp,-2036 # 2000008c <_impure_ptr>
    1120:	85aa                	mv	a1,a0
    1122:	4388                	lw	a0,0(a5)
    1124:	b715                	j	1048 <_puts_r>

00001126 <__swbuf_r>:
    1126:	1101                	addi	sp,sp,-32
    1128:	cc22                	sw	s0,24(sp)
    112a:	ca26                	sw	s1,20(sp)
    112c:	c84a                	sw	s2,16(sp)
    112e:	ce06                	sw	ra,28(sp)
    1130:	c64e                	sw	s3,12(sp)
    1132:	84aa                	mv	s1,a0
    1134:	892e                	mv	s2,a1
    1136:	8432                	mv	s0,a2
    1138:	c501                	beqz	a0,1140 <__swbuf_r+0x1a>
    113a:	4d1c                	lw	a5,24(a0)
    113c:	e391                	bnez	a5,1140 <__swbuf_r+0x1a>
    113e:	26ed                	jal	1528 <__sinit>
    1140:	00001797          	auipc	a5,0x1
    1144:	24878793          	addi	a5,a5,584 # 2388 <__sf_fake_stdin>
    1148:	06f41763          	bne	s0,a5,11b6 <__swbuf_r+0x90>
    114c:	40c0                	lw	s0,4(s1)
    114e:	4c1c                	lw	a5,24(s0)
    1150:	c41c                	sw	a5,8(s0)
    1152:	245e                	lhu	a5,12(s0)
    1154:	8ba1                	andi	a5,a5,8
    1156:	c3c1                	beqz	a5,11d6 <__swbuf_r+0xb0>
    1158:	481c                	lw	a5,16(s0)
    115a:	cfb5                	beqz	a5,11d6 <__swbuf_r+0xb0>
    115c:	481c                	lw	a5,16(s0)
    115e:	4008                	lw	a0,0(s0)
    1160:	0ff97993          	andi	s3,s2,255
    1164:	0ff97913          	andi	s2,s2,255
    1168:	8d1d                	sub	a0,a0,a5
    116a:	485c                	lw	a5,20(s0)
    116c:	00f54663          	blt	a0,a5,1178 <__swbuf_r+0x52>
    1170:	85a2                	mv	a1,s0
    1172:	8526                	mv	a0,s1
    1174:	2c69                	jal	140e <_fflush_r>
    1176:	e525                	bnez	a0,11de <__swbuf_r+0xb8>
    1178:	441c                	lw	a5,8(s0)
    117a:	0505                	addi	a0,a0,1
    117c:	17fd                	addi	a5,a5,-1
    117e:	c41c                	sw	a5,8(s0)
    1180:	401c                	lw	a5,0(s0)
    1182:	00178713          	addi	a4,a5,1
    1186:	c018                	sw	a4,0(s0)
    1188:	01378023          	sb	s3,0(a5)
    118c:	485c                	lw	a5,20(s0)
    118e:	00a78863          	beq	a5,a0,119e <__swbuf_r+0x78>
    1192:	245e                	lhu	a5,12(s0)
    1194:	8b85                	andi	a5,a5,1
    1196:	cb81                	beqz	a5,11a6 <__swbuf_r+0x80>
    1198:	47a9                	li	a5,10
    119a:	00f91663          	bne	s2,a5,11a6 <__swbuf_r+0x80>
    119e:	85a2                	mv	a1,s0
    11a0:	8526                	mv	a0,s1
    11a2:	24b5                	jal	140e <_fflush_r>
    11a4:	ed0d                	bnez	a0,11de <__swbuf_r+0xb8>
    11a6:	40f2                	lw	ra,28(sp)
    11a8:	4462                	lw	s0,24(sp)
    11aa:	854a                	mv	a0,s2
    11ac:	44d2                	lw	s1,20(sp)
    11ae:	4942                	lw	s2,16(sp)
    11b0:	49b2                	lw	s3,12(sp)
    11b2:	6105                	addi	sp,sp,32
    11b4:	8082                	ret
    11b6:	00001797          	auipc	a5,0x1
    11ba:	1f278793          	addi	a5,a5,498 # 23a8 <__sf_fake_stdout>
    11be:	00f41463          	bne	s0,a5,11c6 <__swbuf_r+0xa0>
    11c2:	4480                	lw	s0,8(s1)
    11c4:	b769                	j	114e <__swbuf_r+0x28>
    11c6:	00001797          	auipc	a5,0x1
    11ca:	1a278793          	addi	a5,a5,418 # 2368 <__sf_fake_stderr>
    11ce:	f8f410e3          	bne	s0,a5,114e <__swbuf_r+0x28>
    11d2:	44c0                	lw	s0,12(s1)
    11d4:	bfad                	j	114e <__swbuf_r+0x28>
    11d6:	85a2                	mv	a1,s0
    11d8:	8526                	mv	a0,s1
    11da:	2021                	jal	11e2 <__swsetup_r>
    11dc:	d141                	beqz	a0,115c <__swbuf_r+0x36>
    11de:	597d                	li	s2,-1
    11e0:	b7d9                	j	11a6 <__swbuf_r+0x80>

000011e2 <__swsetup_r>:
    11e2:	1141                	addi	sp,sp,-16
    11e4:	80c18793          	addi	a5,gp,-2036 # 2000008c <_impure_ptr>
    11e8:	c226                	sw	s1,4(sp)
    11ea:	4384                	lw	s1,0(a5)
    11ec:	c422                	sw	s0,8(sp)
    11ee:	c04a                	sw	s2,0(sp)
    11f0:	c606                	sw	ra,12(sp)
    11f2:	892a                	mv	s2,a0
    11f4:	842e                	mv	s0,a1
    11f6:	c489                	beqz	s1,1200 <__swsetup_r+0x1e>
    11f8:	4c9c                	lw	a5,24(s1)
    11fa:	e399                	bnez	a5,1200 <__swsetup_r+0x1e>
    11fc:	8526                	mv	a0,s1
    11fe:	262d                	jal	1528 <__sinit>
    1200:	00001797          	auipc	a5,0x1
    1204:	18878793          	addi	a5,a5,392 # 2388 <__sf_fake_stdin>
    1208:	02f41b63          	bne	s0,a5,123e <__swsetup_r+0x5c>
    120c:	40c0                	lw	s0,4(s1)
    120e:	00c41703          	lh	a4,12(s0)
    1212:	01071793          	slli	a5,a4,0x10
    1216:	83c1                	srli	a5,a5,0x10
    1218:	0087f693          	andi	a3,a5,8
    121c:	eaad                	bnez	a3,128e <__swsetup_r+0xac>
    121e:	0107f693          	andi	a3,a5,16
    1222:	ee95                	bnez	a3,125e <__swsetup_r+0x7c>
    1224:	47a5                	li	a5,9
    1226:	00f92023          	sw	a5,0(s2)
    122a:	04076713          	ori	a4,a4,64
    122e:	a45a                	sh	a4,12(s0)
    1230:	557d                	li	a0,-1
    1232:	40b2                	lw	ra,12(sp)
    1234:	4422                	lw	s0,8(sp)
    1236:	4492                	lw	s1,4(sp)
    1238:	4902                	lw	s2,0(sp)
    123a:	0141                	addi	sp,sp,16
    123c:	8082                	ret
    123e:	00001797          	auipc	a5,0x1
    1242:	16a78793          	addi	a5,a5,362 # 23a8 <__sf_fake_stdout>
    1246:	00f41463          	bne	s0,a5,124e <__swsetup_r+0x6c>
    124a:	4480                	lw	s0,8(s1)
    124c:	b7c9                	j	120e <__swsetup_r+0x2c>
    124e:	00001797          	auipc	a5,0x1
    1252:	11a78793          	addi	a5,a5,282 # 2368 <__sf_fake_stderr>
    1256:	faf41ce3          	bne	s0,a5,120e <__swsetup_r+0x2c>
    125a:	44c0                	lw	s0,12(s1)
    125c:	bf4d                	j	120e <__swsetup_r+0x2c>
    125e:	8b91                	andi	a5,a5,4
    1260:	c39d                	beqz	a5,1286 <__swsetup_r+0xa4>
    1262:	584c                	lw	a1,52(s0)
    1264:	c989                	beqz	a1,1276 <__swsetup_r+0x94>
    1266:	04440793          	addi	a5,s0,68
    126a:	00f58463          	beq	a1,a5,1272 <__swsetup_r+0x90>
    126e:	854a                	mv	a0,s2
    1270:	2331                	jal	177c <_free_r>
    1272:	02042a23          	sw	zero,52(s0)
    1276:	245e                	lhu	a5,12(s0)
    1278:	00042223          	sw	zero,4(s0)
    127c:	fdb7f793          	andi	a5,a5,-37
    1280:	a45e                	sh	a5,12(s0)
    1282:	481c                	lw	a5,16(s0)
    1284:	c01c                	sw	a5,0(s0)
    1286:	245e                	lhu	a5,12(s0)
    1288:	0087e793          	ori	a5,a5,8
    128c:	a45e                	sh	a5,12(s0)
    128e:	481c                	lw	a5,16(s0)
    1290:	eb99                	bnez	a5,12a6 <__swsetup_r+0xc4>
    1292:	245e                	lhu	a5,12(s0)
    1294:	20000713          	li	a4,512
    1298:	2807f793          	andi	a5,a5,640
    129c:	00e78563          	beq	a5,a4,12a6 <__swsetup_r+0xc4>
    12a0:	85a2                	mv	a1,s0
    12a2:	854a                	mv	a0,s2
    12a4:	21a1                	jal	16ec <__smakebuf_r>
    12a6:	245e                	lhu	a5,12(s0)
    12a8:	0017f713          	andi	a4,a5,1
    12ac:	c31d                	beqz	a4,12d2 <__swsetup_r+0xf0>
    12ae:	485c                	lw	a5,20(s0)
    12b0:	00042423          	sw	zero,8(s0)
    12b4:	40f007b3          	neg	a5,a5
    12b8:	cc1c                	sw	a5,24(s0)
    12ba:	481c                	lw	a5,16(s0)
    12bc:	4501                	li	a0,0
    12be:	fbb5                	bnez	a5,1232 <__swsetup_r+0x50>
    12c0:	00c41783          	lh	a5,12(s0)
    12c4:	0807f713          	andi	a4,a5,128
    12c8:	d72d                	beqz	a4,1232 <__swsetup_r+0x50>
    12ca:	0407e793          	ori	a5,a5,64
    12ce:	a45e                	sh	a5,12(s0)
    12d0:	b785                	j	1230 <__swsetup_r+0x4e>
    12d2:	8b89                	andi	a5,a5,2
    12d4:	4701                	li	a4,0
    12d6:	e391                	bnez	a5,12da <__swsetup_r+0xf8>
    12d8:	4858                	lw	a4,20(s0)
    12da:	c418                	sw	a4,8(s0)
    12dc:	bff9                	j	12ba <__swsetup_r+0xd8>

000012de <__sflush_r>:
    12de:	25de                	lhu	a5,12(a1)
    12e0:	1101                	addi	sp,sp,-32
    12e2:	cc22                	sw	s0,24(sp)
    12e4:	ca26                	sw	s1,20(sp)
    12e6:	ce06                	sw	ra,28(sp)
    12e8:	c84a                	sw	s2,16(sp)
    12ea:	c64e                	sw	s3,12(sp)
    12ec:	0087f713          	andi	a4,a5,8
    12f0:	84aa                	mv	s1,a0
    12f2:	842e                	mv	s0,a1
    12f4:	eb79                	bnez	a4,13ca <__sflush_r+0xec>
    12f6:	41d8                	lw	a4,4(a1)
    12f8:	00e04d63          	bgtz	a4,1312 <__sflush_r+0x34>
    12fc:	41b8                	lw	a4,64(a1)
    12fe:	00e04a63          	bgtz	a4,1312 <__sflush_r+0x34>
    1302:	4501                	li	a0,0
    1304:	40f2                	lw	ra,28(sp)
    1306:	4462                	lw	s0,24(sp)
    1308:	44d2                	lw	s1,20(sp)
    130a:	4942                	lw	s2,16(sp)
    130c:	49b2                	lw	s3,12(sp)
    130e:	6105                	addi	sp,sp,32
    1310:	8082                	ret
    1312:	5458                	lw	a4,44(s0)
    1314:	d77d                	beqz	a4,1302 <__sflush_r+0x24>
    1316:	0004a903          	lw	s2,0(s1)
    131a:	01379693          	slli	a3,a5,0x13
    131e:	0004a023          	sw	zero,0(s1)
    1322:	0606db63          	bgez	a3,1398 <__sflush_r+0xba>
    1326:	4870                	lw	a2,84(s0)
    1328:	245e                	lhu	a5,12(s0)
    132a:	8b91                	andi	a5,a5,4
    132c:	c799                	beqz	a5,133a <__sflush_r+0x5c>
    132e:	405c                	lw	a5,4(s0)
    1330:	8e1d                	sub	a2,a2,a5
    1332:	585c                	lw	a5,52(s0)
    1334:	c399                	beqz	a5,133a <__sflush_r+0x5c>
    1336:	403c                	lw	a5,64(s0)
    1338:	8e1d                	sub	a2,a2,a5
    133a:	545c                	lw	a5,44(s0)
    133c:	500c                	lw	a1,32(s0)
    133e:	4681                	li	a3,0
    1340:	8526                	mv	a0,s1
    1342:	9782                	jalr	a5
    1344:	57fd                	li	a5,-1
    1346:	245a                	lhu	a4,12(s0)
    1348:	00f51d63          	bne	a0,a5,1362 <__sflush_r+0x84>
    134c:	4094                	lw	a3,0(s1)
    134e:	47f5                	li	a5,29
    1350:	06d7e863          	bltu	a5,a3,13c0 <__sflush_r+0xe2>
    1354:	204007b7          	lui	a5,0x20400
    1358:	0785                	addi	a5,a5,1
    135a:	00d7d7b3          	srl	a5,a5,a3
    135e:	8b85                	andi	a5,a5,1
    1360:	c3a5                	beqz	a5,13c0 <__sflush_r+0xe2>
    1362:	481c                	lw	a5,16(s0)
    1364:	00042223          	sw	zero,4(s0)
    1368:	c01c                	sw	a5,0(s0)
    136a:	01371793          	slli	a5,a4,0x13
    136e:	0007d863          	bgez	a5,137e <__sflush_r+0xa0>
    1372:	57fd                	li	a5,-1
    1374:	00f51463          	bne	a0,a5,137c <__sflush_r+0x9e>
    1378:	409c                	lw	a5,0(s1)
    137a:	e391                	bnez	a5,137e <__sflush_r+0xa0>
    137c:	c868                	sw	a0,84(s0)
    137e:	584c                	lw	a1,52(s0)
    1380:	0124a023          	sw	s2,0(s1)
    1384:	ddbd                	beqz	a1,1302 <__sflush_r+0x24>
    1386:	04440793          	addi	a5,s0,68
    138a:	00f58463          	beq	a1,a5,1392 <__sflush_r+0xb4>
    138e:	8526                	mv	a0,s1
    1390:	26f5                	jal	177c <_free_r>
    1392:	02042a23          	sw	zero,52(s0)
    1396:	b7b5                	j	1302 <__sflush_r+0x24>
    1398:	500c                	lw	a1,32(s0)
    139a:	4601                	li	a2,0
    139c:	4685                	li	a3,1
    139e:	8526                	mv	a0,s1
    13a0:	9702                	jalr	a4
    13a2:	57fd                	li	a5,-1
    13a4:	862a                	mv	a2,a0
    13a6:	f8f511e3          	bne	a0,a5,1328 <__sflush_r+0x4a>
    13aa:	409c                	lw	a5,0(s1)
    13ac:	dfb5                	beqz	a5,1328 <__sflush_r+0x4a>
    13ae:	4775                	li	a4,29
    13b0:	00e78563          	beq	a5,a4,13ba <__sflush_r+0xdc>
    13b4:	4759                	li	a4,22
    13b6:	04e79363          	bne	a5,a4,13fc <__sflush_r+0x11e>
    13ba:	0124a023          	sw	s2,0(s1)
    13be:	b791                	j	1302 <__sflush_r+0x24>
    13c0:	04076713          	ori	a4,a4,64
    13c4:	a45a                	sh	a4,12(s0)
    13c6:	557d                	li	a0,-1
    13c8:	bf35                	j	1304 <__sflush_r+0x26>
    13ca:	0105a983          	lw	s3,16(a1)
    13ce:	f2098ae3          	beqz	s3,1302 <__sflush_r+0x24>
    13d2:	0005a903          	lw	s2,0(a1)
    13d6:	8b8d                	andi	a5,a5,3
    13d8:	0135a023          	sw	s3,0(a1)
    13dc:	41390933          	sub	s2,s2,s3
    13e0:	4701                	li	a4,0
    13e2:	e391                	bnez	a5,13e6 <__sflush_r+0x108>
    13e4:	49d8                	lw	a4,20(a1)
    13e6:	c418                	sw	a4,8(s0)
    13e8:	f1205de3          	blez	s2,1302 <__sflush_r+0x24>
    13ec:	541c                	lw	a5,40(s0)
    13ee:	500c                	lw	a1,32(s0)
    13f0:	86ca                	mv	a3,s2
    13f2:	864e                	mv	a2,s3
    13f4:	8526                	mv	a0,s1
    13f6:	9782                	jalr	a5
    13f8:	00a04763          	bgtz	a0,1406 <__sflush_r+0x128>
    13fc:	245e                	lhu	a5,12(s0)
    13fe:	0407e793          	ori	a5,a5,64
    1402:	a45e                	sh	a5,12(s0)
    1404:	b7c9                	j	13c6 <__sflush_r+0xe8>
    1406:	99aa                	add	s3,s3,a0
    1408:	40a90933          	sub	s2,s2,a0
    140c:	bff1                	j	13e8 <__sflush_r+0x10a>

0000140e <_fflush_r>:
    140e:	499c                	lw	a5,16(a1)
    1410:	cfb9                	beqz	a5,146e <_fflush_r+0x60>
    1412:	1101                	addi	sp,sp,-32
    1414:	cc22                	sw	s0,24(sp)
    1416:	ce06                	sw	ra,28(sp)
    1418:	842a                	mv	s0,a0
    141a:	c511                	beqz	a0,1426 <_fflush_r+0x18>
    141c:	4d1c                	lw	a5,24(a0)
    141e:	e781                	bnez	a5,1426 <_fflush_r+0x18>
    1420:	c62e                	sw	a1,12(sp)
    1422:	2219                	jal	1528 <__sinit>
    1424:	45b2                	lw	a1,12(sp)
    1426:	00001797          	auipc	a5,0x1
    142a:	f6278793          	addi	a5,a5,-158 # 2388 <__sf_fake_stdin>
    142e:	00f59b63          	bne	a1,a5,1444 <_fflush_r+0x36>
    1432:	404c                	lw	a1,4(s0)
    1434:	00c59783          	lh	a5,12(a1)
    1438:	c795                	beqz	a5,1464 <_fflush_r+0x56>
    143a:	8522                	mv	a0,s0
    143c:	4462                	lw	s0,24(sp)
    143e:	40f2                	lw	ra,28(sp)
    1440:	6105                	addi	sp,sp,32
    1442:	bd71                	j	12de <__sflush_r>
    1444:	00001797          	auipc	a5,0x1
    1448:	f6478793          	addi	a5,a5,-156 # 23a8 <__sf_fake_stdout>
    144c:	00f59463          	bne	a1,a5,1454 <_fflush_r+0x46>
    1450:	440c                	lw	a1,8(s0)
    1452:	b7cd                	j	1434 <_fflush_r+0x26>
    1454:	00001797          	auipc	a5,0x1
    1458:	f1478793          	addi	a5,a5,-236 # 2368 <__sf_fake_stderr>
    145c:	fcf59ce3          	bne	a1,a5,1434 <_fflush_r+0x26>
    1460:	444c                	lw	a1,12(s0)
    1462:	bfc9                	j	1434 <_fflush_r+0x26>
    1464:	40f2                	lw	ra,28(sp)
    1466:	4462                	lw	s0,24(sp)
    1468:	4501                	li	a0,0
    146a:	6105                	addi	sp,sp,32
    146c:	8082                	ret
    146e:	4501                	li	a0,0
    1470:	8082                	ret

00001472 <std>:
    1472:	1141                	addi	sp,sp,-16
    1474:	c422                	sw	s0,8(sp)
    1476:	c606                	sw	ra,12(sp)
    1478:	842a                	mv	s0,a0
    147a:	a54e                	sh	a1,12(a0)
    147c:	a572                	sh	a2,14(a0)
    147e:	00052023          	sw	zero,0(a0)
    1482:	00052223          	sw	zero,4(a0)
    1486:	00052423          	sw	zero,8(a0)
    148a:	06052223          	sw	zero,100(a0)
    148e:	00052823          	sw	zero,16(a0)
    1492:	00052a23          	sw	zero,20(a0)
    1496:	00052c23          	sw	zero,24(a0)
    149a:	4621                	li	a2,8
    149c:	4581                	li	a1,0
    149e:	05c50513          	addi	a0,a0,92
    14a2:	cbffe0ef          	jal	ra,160 <memset>
    14a6:	00001797          	auipc	a5,0x1
    14aa:	b1c78793          	addi	a5,a5,-1252 # 1fc2 <__sread>
    14ae:	d05c                	sw	a5,36(s0)
    14b0:	00001797          	auipc	a5,0x1
    14b4:	b3e78793          	addi	a5,a5,-1218 # 1fee <__swrite>
    14b8:	d41c                	sw	a5,40(s0)
    14ba:	00001797          	auipc	a5,0x1
    14be:	b7c78793          	addi	a5,a5,-1156 # 2036 <__sseek>
    14c2:	d45c                	sw	a5,44(s0)
    14c4:	00001797          	auipc	a5,0x1
    14c8:	ba278793          	addi	a5,a5,-1118 # 2066 <__sclose>
    14cc:	d000                	sw	s0,32(s0)
    14ce:	d81c                	sw	a5,48(s0)
    14d0:	40b2                	lw	ra,12(sp)
    14d2:	4422                	lw	s0,8(sp)
    14d4:	0141                	addi	sp,sp,16
    14d6:	8082                	ret

000014d8 <_cleanup_r>:
    14d8:	00000597          	auipc	a1,0x0
    14dc:	f3658593          	addi	a1,a1,-202 # 140e <_fflush_r>
    14e0:	a2a9                	j	162a <_fwalk_reent>

000014e2 <__sfmoreglue>:
    14e2:	1141                	addi	sp,sp,-16
    14e4:	c226                	sw	s1,4(sp)
    14e6:	06800613          	li	a2,104
    14ea:	fff58493          	addi	s1,a1,-1
    14ee:	02c484b3          	mul	s1,s1,a2
    14f2:	c04a                	sw	s2,0(sp)
    14f4:	892e                	mv	s2,a1
    14f6:	c422                	sw	s0,8(sp)
    14f8:	c606                	sw	ra,12(sp)
    14fa:	07448593          	addi	a1,s1,116
    14fe:	261d                	jal	1824 <_malloc_r>
    1500:	842a                	mv	s0,a0
    1502:	cd01                	beqz	a0,151a <__sfmoreglue+0x38>
    1504:	00052023          	sw	zero,0(a0)
    1508:	01252223          	sw	s2,4(a0)
    150c:	0531                	addi	a0,a0,12
    150e:	c408                	sw	a0,8(s0)
    1510:	06848613          	addi	a2,s1,104
    1514:	4581                	li	a1,0
    1516:	c4bfe0ef          	jal	ra,160 <memset>
    151a:	8522                	mv	a0,s0
    151c:	40b2                	lw	ra,12(sp)
    151e:	4422                	lw	s0,8(sp)
    1520:	4492                	lw	s1,4(sp)
    1522:	4902                	lw	s2,0(sp)
    1524:	0141                	addi	sp,sp,16
    1526:	8082                	ret

00001528 <__sinit>:
    1528:	4d1c                	lw	a5,24(a0)
    152a:	e3ad                	bnez	a5,158c <__sinit+0x64>
    152c:	1141                	addi	sp,sp,-16
    152e:	c606                	sw	ra,12(sp)
    1530:	c422                	sw	s0,8(sp)
    1532:	00000797          	auipc	a5,0x0
    1536:	fa678793          	addi	a5,a5,-90 # 14d8 <_cleanup_r>
    153a:	d51c                	sw	a5,40(a0)
    153c:	81018793          	addi	a5,gp,-2032 # 20000090 <_global_impure_ptr>
    1540:	439c                	lw	a5,0(a5)
    1542:	04052423          	sw	zero,72(a0)
    1546:	04052623          	sw	zero,76(a0)
    154a:	04052823          	sw	zero,80(a0)
    154e:	00f51463          	bne	a0,a5,1556 <__sinit+0x2e>
    1552:	4785                	li	a5,1
    1554:	cd1c                	sw	a5,24(a0)
    1556:	842a                	mv	s0,a0
    1558:	281d                	jal	158e <__sfp>
    155a:	c048                	sw	a0,4(s0)
    155c:	8522                	mv	a0,s0
    155e:	2805                	jal	158e <__sfp>
    1560:	c408                	sw	a0,8(s0)
    1562:	8522                	mv	a0,s0
    1564:	202d                	jal	158e <__sfp>
    1566:	c448                	sw	a0,12(s0)
    1568:	4048                	lw	a0,4(s0)
    156a:	4601                	li	a2,0
    156c:	4591                	li	a1,4
    156e:	3711                	jal	1472 <std>
    1570:	4408                	lw	a0,8(s0)
    1572:	4605                	li	a2,1
    1574:	45a5                	li	a1,9
    1576:	3df5                	jal	1472 <std>
    1578:	4448                	lw	a0,12(s0)
    157a:	4609                	li	a2,2
    157c:	45c9                	li	a1,18
    157e:	3dd5                	jal	1472 <std>
    1580:	4785                	li	a5,1
    1582:	cc1c                	sw	a5,24(s0)
    1584:	40b2                	lw	ra,12(sp)
    1586:	4422                	lw	s0,8(sp)
    1588:	0141                	addi	sp,sp,16
    158a:	8082                	ret
    158c:	8082                	ret

0000158e <__sfp>:
    158e:	1141                	addi	sp,sp,-16
    1590:	81018793          	addi	a5,gp,-2032 # 20000090 <_global_impure_ptr>
    1594:	c226                	sw	s1,4(sp)
    1596:	4384                	lw	s1,0(a5)
    1598:	c04a                	sw	s2,0(sp)
    159a:	c606                	sw	ra,12(sp)
    159c:	4c9c                	lw	a5,24(s1)
    159e:	c422                	sw	s0,8(sp)
    15a0:	892a                	mv	s2,a0
    15a2:	e399                	bnez	a5,15a8 <__sfp+0x1a>
    15a4:	8526                	mv	a0,s1
    15a6:	3749                	jal	1528 <__sinit>
    15a8:	04848493          	addi	s1,s1,72
    15ac:	4480                	lw	s0,8(s1)
    15ae:	40dc                	lw	a5,4(s1)
    15b0:	17fd                	addi	a5,a5,-1
    15b2:	0007d663          	bgez	a5,15be <__sfp+0x30>
    15b6:	409c                	lw	a5,0(s1)
    15b8:	cfb9                	beqz	a5,1616 <__sfp+0x88>
    15ba:	4084                	lw	s1,0(s1)
    15bc:	bfc5                	j	15ac <__sfp+0x1e>
    15be:	00c41703          	lh	a4,12(s0)
    15c2:	e739                	bnez	a4,1610 <__sfp+0x82>
    15c4:	77c1                	lui	a5,0xffff0
    15c6:	0785                	addi	a5,a5,1
    15c8:	06042223          	sw	zero,100(s0)
    15cc:	00042023          	sw	zero,0(s0)
    15d0:	00042223          	sw	zero,4(s0)
    15d4:	00042423          	sw	zero,8(s0)
    15d8:	c45c                	sw	a5,12(s0)
    15da:	00042823          	sw	zero,16(s0)
    15de:	00042a23          	sw	zero,20(s0)
    15e2:	00042c23          	sw	zero,24(s0)
    15e6:	4621                	li	a2,8
    15e8:	4581                	li	a1,0
    15ea:	05c40513          	addi	a0,s0,92
    15ee:	b73fe0ef          	jal	ra,160 <memset>
    15f2:	02042a23          	sw	zero,52(s0)
    15f6:	02042c23          	sw	zero,56(s0)
    15fa:	04042423          	sw	zero,72(s0)
    15fe:	04042623          	sw	zero,76(s0)
    1602:	8522                	mv	a0,s0
    1604:	40b2                	lw	ra,12(sp)
    1606:	4422                	lw	s0,8(sp)
    1608:	4492                	lw	s1,4(sp)
    160a:	4902                	lw	s2,0(sp)
    160c:	0141                	addi	sp,sp,16
    160e:	8082                	ret
    1610:	06840413          	addi	s0,s0,104
    1614:	bf71                	j	15b0 <__sfp+0x22>
    1616:	4591                	li	a1,4
    1618:	854a                	mv	a0,s2
    161a:	35e1                	jal	14e2 <__sfmoreglue>
    161c:	c088                	sw	a0,0(s1)
    161e:	fd51                	bnez	a0,15ba <__sfp+0x2c>
    1620:	47b1                	li	a5,12
    1622:	00f92023          	sw	a5,0(s2)
    1626:	4401                	li	s0,0
    1628:	bfe9                	j	1602 <__sfp+0x74>

0000162a <_fwalk_reent>:
    162a:	7179                	addi	sp,sp,-48
    162c:	d422                	sw	s0,40(sp)
    162e:	d04a                	sw	s2,32(sp)
    1630:	cc52                	sw	s4,24(sp)
    1632:	ca56                	sw	s5,20(sp)
    1634:	c85a                	sw	s6,16(sp)
    1636:	c65e                	sw	s7,12(sp)
    1638:	d606                	sw	ra,44(sp)
    163a:	d226                	sw	s1,36(sp)
    163c:	ce4e                	sw	s3,28(sp)
    163e:	8a2a                	mv	s4,a0
    1640:	8aae                	mv	s5,a1
    1642:	04850413          	addi	s0,a0,72
    1646:	4901                	li	s2,0
    1648:	4b05                	li	s6,1
    164a:	5bfd                	li	s7,-1
    164c:	ec09                	bnez	s0,1666 <_fwalk_reent+0x3c>
    164e:	50b2                	lw	ra,44(sp)
    1650:	5422                	lw	s0,40(sp)
    1652:	854a                	mv	a0,s2
    1654:	5492                	lw	s1,36(sp)
    1656:	5902                	lw	s2,32(sp)
    1658:	49f2                	lw	s3,28(sp)
    165a:	4a62                	lw	s4,24(sp)
    165c:	4ad2                	lw	s5,20(sp)
    165e:	4b42                	lw	s6,16(sp)
    1660:	4bb2                	lw	s7,12(sp)
    1662:	6145                	addi	sp,sp,48
    1664:	8082                	ret
    1666:	4404                	lw	s1,8(s0)
    1668:	00442983          	lw	s3,4(s0)
    166c:	19fd                	addi	s3,s3,-1
    166e:	0009d463          	bgez	s3,1676 <_fwalk_reent+0x4c>
    1672:	4000                	lw	s0,0(s0)
    1674:	bfe1                	j	164c <_fwalk_reent+0x22>
    1676:	24de                	lhu	a5,12(s1)
    1678:	00fb7b63          	bgeu	s6,a5,168e <_fwalk_reent+0x64>
    167c:	00e49783          	lh	a5,14(s1)
    1680:	01778763          	beq	a5,s7,168e <_fwalk_reent+0x64>
    1684:	85a6                	mv	a1,s1
    1686:	8552                	mv	a0,s4
    1688:	9a82                	jalr	s5
    168a:	00a96933          	or	s2,s2,a0
    168e:	06848493          	addi	s1,s1,104
    1692:	bfe9                	j	166c <_fwalk_reent+0x42>

00001694 <__swhatbuf_r>:
    1694:	7119                	addi	sp,sp,-128
    1696:	daa6                	sw	s1,116(sp)
    1698:	84ae                	mv	s1,a1
    169a:	00e59583          	lh	a1,14(a1)
    169e:	dca2                	sw	s0,120(sp)
    16a0:	de86                	sw	ra,124(sp)
    16a2:	8432                	mv	s0,a2
    16a4:	0005db63          	bgez	a1,16ba <__swhatbuf_r+0x26>
    16a8:	24de                	lhu	a5,12(s1)
    16aa:	0006a023          	sw	zero,0(a3)
    16ae:	0807f793          	andi	a5,a5,128
    16b2:	e785                	bnez	a5,16da <__swhatbuf_r+0x46>
    16b4:	40000793          	li	a5,1024
    16b8:	a01d                	j	16de <__swhatbuf_r+0x4a>
    16ba:	0830                	addi	a2,sp,24
    16bc:	c636                	sw	a3,12(sp)
    16be:	215000ef          	jal	ra,20d2 <_fstat_r>
    16c2:	46b2                	lw	a3,12(sp)
    16c4:	fe0542e3          	bltz	a0,16a8 <__swhatbuf_r+0x14>
    16c8:	4772                	lw	a4,28(sp)
    16ca:	67bd                	lui	a5,0xf
    16cc:	8ff9                	and	a5,a5,a4
    16ce:	7779                	lui	a4,0xffffe
    16d0:	97ba                	add	a5,a5,a4
    16d2:	0017b793          	seqz	a5,a5
    16d6:	c29c                	sw	a5,0(a3)
    16d8:	bff1                	j	16b4 <__swhatbuf_r+0x20>
    16da:	04000793          	li	a5,64
    16de:	c01c                	sw	a5,0(s0)
    16e0:	50f6                	lw	ra,124(sp)
    16e2:	5466                	lw	s0,120(sp)
    16e4:	54d6                	lw	s1,116(sp)
    16e6:	4501                	li	a0,0
    16e8:	6109                	addi	sp,sp,128
    16ea:	8082                	ret

000016ec <__smakebuf_r>:
    16ec:	25de                	lhu	a5,12(a1)
    16ee:	1101                	addi	sp,sp,-32
    16f0:	cc22                	sw	s0,24(sp)
    16f2:	ce06                	sw	ra,28(sp)
    16f4:	ca26                	sw	s1,20(sp)
    16f6:	c84a                	sw	s2,16(sp)
    16f8:	8b89                	andi	a5,a5,2
    16fa:	842e                	mv	s0,a1
    16fc:	cf89                	beqz	a5,1716 <__smakebuf_r+0x2a>
    16fe:	04740793          	addi	a5,s0,71
    1702:	c01c                	sw	a5,0(s0)
    1704:	c81c                	sw	a5,16(s0)
    1706:	4785                	li	a5,1
    1708:	c85c                	sw	a5,20(s0)
    170a:	40f2                	lw	ra,28(sp)
    170c:	4462                	lw	s0,24(sp)
    170e:	44d2                	lw	s1,20(sp)
    1710:	4942                	lw	s2,16(sp)
    1712:	6105                	addi	sp,sp,32
    1714:	8082                	ret
    1716:	0074                	addi	a3,sp,12
    1718:	0030                	addi	a2,sp,8
    171a:	84aa                	mv	s1,a0
    171c:	3fa5                	jal	1694 <__swhatbuf_r>
    171e:	45a2                	lw	a1,8(sp)
    1720:	892a                	mv	s2,a0
    1722:	8526                	mv	a0,s1
    1724:	2201                	jal	1824 <_malloc_r>
    1726:	e919                	bnez	a0,173c <__smakebuf_r+0x50>
    1728:	00c41783          	lh	a5,12(s0)
    172c:	2007f713          	andi	a4,a5,512
    1730:	ff69                	bnez	a4,170a <__smakebuf_r+0x1e>
    1732:	9bf1                	andi	a5,a5,-4
    1734:	0027e793          	ori	a5,a5,2
    1738:	a45e                	sh	a5,12(s0)
    173a:	b7d1                	j	16fe <__smakebuf_r+0x12>
    173c:	00000797          	auipc	a5,0x0
    1740:	d9c78793          	addi	a5,a5,-612 # 14d8 <_cleanup_r>
    1744:	d49c                	sw	a5,40(s1)
    1746:	245e                	lhu	a5,12(s0)
    1748:	c008                	sw	a0,0(s0)
    174a:	c808                	sw	a0,16(s0)
    174c:	0807e793          	ori	a5,a5,128
    1750:	a45e                	sh	a5,12(s0)
    1752:	47a2                	lw	a5,8(sp)
    1754:	c85c                	sw	a5,20(s0)
    1756:	47b2                	lw	a5,12(sp)
    1758:	cf81                	beqz	a5,1770 <__smakebuf_r+0x84>
    175a:	00e41583          	lh	a1,14(s0)
    175e:	8526                	mv	a0,s1
    1760:	1a5000ef          	jal	ra,2104 <_isatty_r>
    1764:	c511                	beqz	a0,1770 <__smakebuf_r+0x84>
    1766:	245e                	lhu	a5,12(s0)
    1768:	9bf1                	andi	a5,a5,-4
    176a:	0017e793          	ori	a5,a5,1
    176e:	a45e                	sh	a5,12(s0)
    1770:	245e                	lhu	a5,12(s0)
    1772:	00f96933          	or	s2,s2,a5
    1776:	01241623          	sh	s2,12(s0)
    177a:	bf41                	j	170a <__smakebuf_r+0x1e>

0000177c <_free_r>:
    177c:	c1dd                	beqz	a1,1822 <_free_r+0xa6>
    177e:	ffc5a783          	lw	a5,-4(a1)
    1782:	1141                	addi	sp,sp,-16
    1784:	c422                	sw	s0,8(sp)
    1786:	c606                	sw	ra,12(sp)
    1788:	c226                	sw	s1,4(sp)
    178a:	ffc58413          	addi	s0,a1,-4
    178e:	0007d363          	bgez	a5,1794 <_free_r+0x18>
    1792:	943e                	add	s0,s0,a5
    1794:	84aa                	mv	s1,a0
    1796:	1eb000ef          	jal	ra,2180 <__malloc_lock>
    179a:	83018793          	addi	a5,gp,-2000 # 200000b0 <__malloc_free_list>
    179e:	439c                	lw	a5,0(a5)
    17a0:	ef81                	bnez	a5,17b8 <_free_r+0x3c>
    17a2:	00042223          	sw	zero,4(s0)
    17a6:	8281a823          	sw	s0,-2000(gp) # 200000b0 <__malloc_free_list>
    17aa:	4422                	lw	s0,8(sp)
    17ac:	40b2                	lw	ra,12(sp)
    17ae:	8526                	mv	a0,s1
    17b0:	4492                	lw	s1,4(sp)
    17b2:	0141                	addi	sp,sp,16
    17b4:	1cf0006f          	j	2182 <__malloc_unlock>
    17b8:	00f47e63          	bgeu	s0,a5,17d4 <_free_r+0x58>
    17bc:	4014                	lw	a3,0(s0)
    17be:	00d40733          	add	a4,s0,a3
    17c2:	00e79663          	bne	a5,a4,17ce <_free_r+0x52>
    17c6:	4398                	lw	a4,0(a5)
    17c8:	43dc                	lw	a5,4(a5)
    17ca:	9736                	add	a4,a4,a3
    17cc:	c018                	sw	a4,0(s0)
    17ce:	c05c                	sw	a5,4(s0)
    17d0:	bfd9                	j	17a6 <_free_r+0x2a>
    17d2:	87ba                	mv	a5,a4
    17d4:	43d8                	lw	a4,4(a5)
    17d6:	c319                	beqz	a4,17dc <_free_r+0x60>
    17d8:	fee47de3          	bgeu	s0,a4,17d2 <_free_r+0x56>
    17dc:	4394                	lw	a3,0(a5)
    17de:	00d78633          	add	a2,a5,a3
    17e2:	00861f63          	bne	a2,s0,1800 <_free_r+0x84>
    17e6:	4010                	lw	a2,0(s0)
    17e8:	96b2                	add	a3,a3,a2
    17ea:	c394                	sw	a3,0(a5)
    17ec:	00d78633          	add	a2,a5,a3
    17f0:	fac71de3          	bne	a4,a2,17aa <_free_r+0x2e>
    17f4:	4310                	lw	a2,0(a4)
    17f6:	4358                	lw	a4,4(a4)
    17f8:	96b2                	add	a3,a3,a2
    17fa:	c394                	sw	a3,0(a5)
    17fc:	c3d8                	sw	a4,4(a5)
    17fe:	b775                	j	17aa <_free_r+0x2e>
    1800:	00c47563          	bgeu	s0,a2,180a <_free_r+0x8e>
    1804:	47b1                	li	a5,12
    1806:	c09c                	sw	a5,0(s1)
    1808:	b74d                	j	17aa <_free_r+0x2e>
    180a:	4010                	lw	a2,0(s0)
    180c:	00c406b3          	add	a3,s0,a2
    1810:	00d71663          	bne	a4,a3,181c <_free_r+0xa0>
    1814:	4314                	lw	a3,0(a4)
    1816:	4358                	lw	a4,4(a4)
    1818:	96b2                	add	a3,a3,a2
    181a:	c014                	sw	a3,0(s0)
    181c:	c058                	sw	a4,4(s0)
    181e:	c3c0                	sw	s0,4(a5)
    1820:	b769                	j	17aa <_free_r+0x2e>
    1822:	8082                	ret

00001824 <_malloc_r>:
    1824:	1101                	addi	sp,sp,-32
    1826:	ca26                	sw	s1,20(sp)
    1828:	00358493          	addi	s1,a1,3
    182c:	98f1                	andi	s1,s1,-4
    182e:	ce06                	sw	ra,28(sp)
    1830:	cc22                	sw	s0,24(sp)
    1832:	c84a                	sw	s2,16(sp)
    1834:	c64e                	sw	s3,12(sp)
    1836:	04a1                	addi	s1,s1,8
    1838:	47b1                	li	a5,12
    183a:	04f4f363          	bgeu	s1,a5,1880 <_malloc_r+0x5c>
    183e:	44b1                	li	s1,12
    1840:	04b4e263          	bltu	s1,a1,1884 <_malloc_r+0x60>
    1844:	892a                	mv	s2,a0
    1846:	13b000ef          	jal	ra,2180 <__malloc_lock>
    184a:	83018793          	addi	a5,gp,-2000 # 200000b0 <__malloc_free_list>
    184e:	4398                	lw	a4,0(a5)
    1850:	843a                	mv	s0,a4
    1852:	e039                	bnez	s0,1898 <_malloc_r+0x74>
    1854:	83418793          	addi	a5,gp,-1996 # 200000b4 <__malloc_sbrk_start>
    1858:	439c                	lw	a5,0(a5)
    185a:	e791                	bnez	a5,1866 <_malloc_r+0x42>
    185c:	4581                	li	a1,0
    185e:	854a                	mv	a0,s2
    1860:	2f05                	jal	1f90 <_sbrk_r>
    1862:	82a1aa23          	sw	a0,-1996(gp) # 200000b4 <__malloc_sbrk_start>
    1866:	85a6                	mv	a1,s1
    1868:	854a                	mv	a0,s2
    186a:	271d                	jal	1f90 <_sbrk_r>
    186c:	59fd                	li	s3,-1
    186e:	07351963          	bne	a0,s3,18e0 <_malloc_r+0xbc>
    1872:	47b1                	li	a5,12
    1874:	00f92023          	sw	a5,0(s2)
    1878:	854a                	mv	a0,s2
    187a:	109000ef          	jal	ra,2182 <__malloc_unlock>
    187e:	a029                	j	1888 <_malloc_r+0x64>
    1880:	fc04d0e3          	bgez	s1,1840 <_malloc_r+0x1c>
    1884:	47b1                	li	a5,12
    1886:	c11c                	sw	a5,0(a0)
    1888:	4501                	li	a0,0
    188a:	40f2                	lw	ra,28(sp)
    188c:	4462                	lw	s0,24(sp)
    188e:	44d2                	lw	s1,20(sp)
    1890:	4942                	lw	s2,16(sp)
    1892:	49b2                	lw	s3,12(sp)
    1894:	6105                	addi	sp,sp,32
    1896:	8082                	ret
    1898:	401c                	lw	a5,0(s0)
    189a:	8f85                	sub	a5,a5,s1
    189c:	0207cf63          	bltz	a5,18da <_malloc_r+0xb6>
    18a0:	46ad                	li	a3,11
    18a2:	00f6f663          	bgeu	a3,a5,18ae <_malloc_r+0x8a>
    18a6:	c01c                	sw	a5,0(s0)
    18a8:	943e                	add	s0,s0,a5
    18aa:	c004                	sw	s1,0(s0)
    18ac:	a031                	j	18b8 <_malloc_r+0x94>
    18ae:	405c                	lw	a5,4(s0)
    18b0:	02871363          	bne	a4,s0,18d6 <_malloc_r+0xb2>
    18b4:	82f1a823          	sw	a5,-2000(gp) # 200000b0 <__malloc_free_list>
    18b8:	854a                	mv	a0,s2
    18ba:	0c9000ef          	jal	ra,2182 <__malloc_unlock>
    18be:	00b40513          	addi	a0,s0,11
    18c2:	00440793          	addi	a5,s0,4
    18c6:	9961                	andi	a0,a0,-8
    18c8:	40f50733          	sub	a4,a0,a5
    18cc:	df5d                	beqz	a4,188a <_malloc_r+0x66>
    18ce:	943a                	add	s0,s0,a4
    18d0:	8f89                	sub	a5,a5,a0
    18d2:	c01c                	sw	a5,0(s0)
    18d4:	bf5d                	j	188a <_malloc_r+0x66>
    18d6:	c35c                	sw	a5,4(a4)
    18d8:	b7c5                	j	18b8 <_malloc_r+0x94>
    18da:	8722                	mv	a4,s0
    18dc:	4040                	lw	s0,4(s0)
    18de:	bf95                	j	1852 <_malloc_r+0x2e>
    18e0:	00350413          	addi	s0,a0,3
    18e4:	9871                	andi	s0,s0,-4
    18e6:	fc8502e3          	beq	a0,s0,18aa <_malloc_r+0x86>
    18ea:	40a405b3          	sub	a1,s0,a0
    18ee:	854a                	mv	a0,s2
    18f0:	2545                	jal	1f90 <_sbrk_r>
    18f2:	fb351ce3          	bne	a0,s3,18aa <_malloc_r+0x86>
    18f6:	bfb5                	j	1872 <_malloc_r+0x4e>

000018f8 <__sfputc_r>:
    18f8:	461c                	lw	a5,8(a2)
    18fa:	17fd                	addi	a5,a5,-1
    18fc:	c61c                	sw	a5,8(a2)
    18fe:	0007da63          	bgez	a5,1912 <__sfputc_r+0x1a>
    1902:	4e18                	lw	a4,24(a2)
    1904:	00e7c563          	blt	a5,a4,190e <__sfputc_r+0x16>
    1908:	47a9                	li	a5,10
    190a:	00f59463          	bne	a1,a5,1912 <__sfputc_r+0x1a>
    190e:	819ff06f          	j	1126 <__swbuf_r>
    1912:	421c                	lw	a5,0(a2)
    1914:	852e                	mv	a0,a1
    1916:	00178713          	addi	a4,a5,1
    191a:	c218                	sw	a4,0(a2)
    191c:	a38c                	sb	a1,0(a5)
    191e:	8082                	ret

00001920 <__sfputs_r>:
    1920:	1101                	addi	sp,sp,-32
    1922:	cc22                	sw	s0,24(sp)
    1924:	ca26                	sw	s1,20(sp)
    1926:	c84a                	sw	s2,16(sp)
    1928:	c64e                	sw	s3,12(sp)
    192a:	c452                	sw	s4,8(sp)
    192c:	ce06                	sw	ra,28(sp)
    192e:	892a                	mv	s2,a0
    1930:	89ae                	mv	s3,a1
    1932:	8432                	mv	s0,a2
    1934:	00d604b3          	add	s1,a2,a3
    1938:	5a7d                	li	s4,-1
    193a:	00941463          	bne	s0,s1,1942 <__sfputs_r+0x22>
    193e:	4501                	li	a0,0
    1940:	a801                	j	1950 <__sfputs_r+0x30>
    1942:	200c                	lbu	a1,0(s0)
    1944:	864e                	mv	a2,s3
    1946:	854a                	mv	a0,s2
    1948:	3f45                	jal	18f8 <__sfputc_r>
    194a:	0405                	addi	s0,s0,1
    194c:	ff4517e3          	bne	a0,s4,193a <__sfputs_r+0x1a>
    1950:	40f2                	lw	ra,28(sp)
    1952:	4462                	lw	s0,24(sp)
    1954:	44d2                	lw	s1,20(sp)
    1956:	4942                	lw	s2,16(sp)
    1958:	49b2                	lw	s3,12(sp)
    195a:	4a22                	lw	s4,8(sp)
    195c:	6105                	addi	sp,sp,32
    195e:	8082                	ret

00001960 <_vfiprintf_r>:
    1960:	7135                	addi	sp,sp,-160
    1962:	cd22                	sw	s0,152(sp)
    1964:	cb26                	sw	s1,148(sp)
    1966:	c94a                	sw	s2,144(sp)
    1968:	c74e                	sw	s3,140(sp)
    196a:	cf06                	sw	ra,156(sp)
    196c:	c552                	sw	s4,136(sp)
    196e:	c356                	sw	s5,132(sp)
    1970:	c15a                	sw	s6,128(sp)
    1972:	dede                	sw	s7,124(sp)
    1974:	dce2                	sw	s8,120(sp)
    1976:	dae6                	sw	s9,116(sp)
    1978:	89aa                	mv	s3,a0
    197a:	84ae                	mv	s1,a1
    197c:	8932                	mv	s2,a2
    197e:	8436                	mv	s0,a3
    1980:	c501                	beqz	a0,1988 <_vfiprintf_r+0x28>
    1982:	4d1c                	lw	a5,24(a0)
    1984:	e391                	bnez	a5,1988 <_vfiprintf_r+0x28>
    1986:	364d                	jal	1528 <__sinit>
    1988:	00001797          	auipc	a5,0x1
    198c:	a0078793          	addi	a5,a5,-1536 # 2388 <__sf_fake_stdin>
    1990:	0cf49763          	bne	s1,a5,1a5e <_vfiprintf_r+0xfe>
    1994:	0049a483          	lw	s1,4(s3)
    1998:	24de                	lhu	a5,12(s1)
    199a:	8ba1                	andi	a5,a5,8
    199c:	c3fd                	beqz	a5,1a82 <_vfiprintf_r+0x122>
    199e:	489c                	lw	a5,16(s1)
    19a0:	c3ed                	beqz	a5,1a82 <_vfiprintf_r+0x122>
    19a2:	02000793          	li	a5,32
    19a6:	02f104a3          	sb	a5,41(sp)
    19aa:	03000793          	li	a5,48
    19ae:	d202                	sw	zero,36(sp)
    19b0:	02f10523          	sb	a5,42(sp)
    19b4:	c622                	sw	s0,12(sp)
    19b6:	02500b93          	li	s7,37
    19ba:	00001a97          	auipc	s5,0x1
    19be:	a0ea8a93          	addi	s5,s5,-1522 # 23c8 <__sf_fake_stdout+0x20>
    19c2:	4c05                	li	s8,1
    19c4:	4b29                	li	s6,10
    19c6:	844a                	mv	s0,s2
    19c8:	201c                	lbu	a5,0(s0)
    19ca:	c399                	beqz	a5,19d0 <_vfiprintf_r+0x70>
    19cc:	0d779e63          	bne	a5,s7,1aa8 <_vfiprintf_r+0x148>
    19d0:	41240cb3          	sub	s9,s0,s2
    19d4:	000c8d63          	beqz	s9,19ee <_vfiprintf_r+0x8e>
    19d8:	86e6                	mv	a3,s9
    19da:	864a                	mv	a2,s2
    19dc:	85a6                	mv	a1,s1
    19de:	854e                	mv	a0,s3
    19e0:	3781                	jal	1920 <__sfputs_r>
    19e2:	57fd                	li	a5,-1
    19e4:	1cf50f63          	beq	a0,a5,1bc2 <_vfiprintf_r+0x262>
    19e8:	5692                	lw	a3,36(sp)
    19ea:	96e6                	add	a3,a3,s9
    19ec:	d236                	sw	a3,36(sp)
    19ee:	201c                	lbu	a5,0(s0)
    19f0:	1c078963          	beqz	a5,1bc2 <_vfiprintf_r+0x262>
    19f4:	57fd                	li	a5,-1
    19f6:	00140913          	addi	s2,s0,1
    19fa:	c802                	sw	zero,16(sp)
    19fc:	ce02                	sw	zero,28(sp)
    19fe:	ca3e                	sw	a5,20(sp)
    1a00:	cc02                	sw	zero,24(sp)
    1a02:	040109a3          	sb	zero,83(sp)
    1a06:	d482                	sw	zero,104(sp)
    1a08:	00094583          	lbu	a1,0(s2)
    1a0c:	4615                	li	a2,5
    1a0e:	8556                	mv	a0,s5
    1a10:	2fa1                	jal	2168 <memchr>
    1a12:	00190413          	addi	s0,s2,1
    1a16:	47c2                	lw	a5,16(sp)
    1a18:	e951                	bnez	a0,1aac <_vfiprintf_r+0x14c>
    1a1a:	0107f713          	andi	a4,a5,16
    1a1e:	c709                	beqz	a4,1a28 <_vfiprintf_r+0xc8>
    1a20:	02000713          	li	a4,32
    1a24:	04e109a3          	sb	a4,83(sp)
    1a28:	0087f713          	andi	a4,a5,8
    1a2c:	c709                	beqz	a4,1a36 <_vfiprintf_r+0xd6>
    1a2e:	02b00713          	li	a4,43
    1a32:	04e109a3          	sb	a4,83(sp)
    1a36:	00094683          	lbu	a3,0(s2)
    1a3a:	02a00713          	li	a4,42
    1a3e:	06e68f63          	beq	a3,a4,1abc <_vfiprintf_r+0x15c>
    1a42:	47f2                	lw	a5,28(sp)
    1a44:	844a                	mv	s0,s2
    1a46:	4681                	li	a3,0
    1a48:	4625                	li	a2,9
    1a4a:	2018                	lbu	a4,0(s0)
    1a4c:	00140593          	addi	a1,s0,1
    1a50:	fd070713          	addi	a4,a4,-48 # ffffdfd0 <_eusrstack+0xdfff8fd0>
    1a54:	0ae67763          	bgeu	a2,a4,1b02 <_vfiprintf_r+0x1a2>
    1a58:	cab5                	beqz	a3,1acc <_vfiprintf_r+0x16c>
    1a5a:	ce3e                	sw	a5,28(sp)
    1a5c:	a885                	j	1acc <_vfiprintf_r+0x16c>
    1a5e:	00001797          	auipc	a5,0x1
    1a62:	94a78793          	addi	a5,a5,-1718 # 23a8 <__sf_fake_stdout>
    1a66:	00f49563          	bne	s1,a5,1a70 <_vfiprintf_r+0x110>
    1a6a:	0089a483          	lw	s1,8(s3)
    1a6e:	b72d                	j	1998 <_vfiprintf_r+0x38>
    1a70:	00001797          	auipc	a5,0x1
    1a74:	8f878793          	addi	a5,a5,-1800 # 2368 <__sf_fake_stderr>
    1a78:	f2f490e3          	bne	s1,a5,1998 <_vfiprintf_r+0x38>
    1a7c:	00c9a483          	lw	s1,12(s3)
    1a80:	bf21                	j	1998 <_vfiprintf_r+0x38>
    1a82:	85a6                	mv	a1,s1
    1a84:	854e                	mv	a0,s3
    1a86:	f5cff0ef          	jal	ra,11e2 <__swsetup_r>
    1a8a:	dd01                	beqz	a0,19a2 <_vfiprintf_r+0x42>
    1a8c:	557d                	li	a0,-1
    1a8e:	40fa                	lw	ra,156(sp)
    1a90:	446a                	lw	s0,152(sp)
    1a92:	44da                	lw	s1,148(sp)
    1a94:	494a                	lw	s2,144(sp)
    1a96:	49ba                	lw	s3,140(sp)
    1a98:	4a2a                	lw	s4,136(sp)
    1a9a:	4a9a                	lw	s5,132(sp)
    1a9c:	4b0a                	lw	s6,128(sp)
    1a9e:	5bf6                	lw	s7,124(sp)
    1aa0:	5c66                	lw	s8,120(sp)
    1aa2:	5cd6                	lw	s9,116(sp)
    1aa4:	610d                	addi	sp,sp,160
    1aa6:	8082                	ret
    1aa8:	0405                	addi	s0,s0,1
    1aaa:	bf39                	j	19c8 <_vfiprintf_r+0x68>
    1aac:	41550533          	sub	a0,a0,s5
    1ab0:	00ac1533          	sll	a0,s8,a0
    1ab4:	8fc9                	or	a5,a5,a0
    1ab6:	c83e                	sw	a5,16(sp)
    1ab8:	8922                	mv	s2,s0
    1aba:	b7b9                	j	1a08 <_vfiprintf_r+0xa8>
    1abc:	4732                	lw	a4,12(sp)
    1abe:	00470693          	addi	a3,a4,4
    1ac2:	4318                	lw	a4,0(a4)
    1ac4:	c636                	sw	a3,12(sp)
    1ac6:	02074763          	bltz	a4,1af4 <_vfiprintf_r+0x194>
    1aca:	ce3a                	sw	a4,28(sp)
    1acc:	2018                	lbu	a4,0(s0)
    1ace:	02e00793          	li	a5,46
    1ad2:	04f71d63          	bne	a4,a5,1b2c <_vfiprintf_r+0x1cc>
    1ad6:	3018                	lbu	a4,1(s0)
    1ad8:	02a00793          	li	a5,42
    1adc:	02f71b63          	bne	a4,a5,1b12 <_vfiprintf_r+0x1b2>
    1ae0:	47b2                	lw	a5,12(sp)
    1ae2:	0409                	addi	s0,s0,2
    1ae4:	00478713          	addi	a4,a5,4
    1ae8:	439c                	lw	a5,0(a5)
    1aea:	c63a                	sw	a4,12(sp)
    1aec:	0207c163          	bltz	a5,1b0e <_vfiprintf_r+0x1ae>
    1af0:	ca3e                	sw	a5,20(sp)
    1af2:	a82d                	j	1b2c <_vfiprintf_r+0x1cc>
    1af4:	40e00733          	neg	a4,a4
    1af8:	0027e793          	ori	a5,a5,2
    1afc:	ce3a                	sw	a4,28(sp)
    1afe:	c83e                	sw	a5,16(sp)
    1b00:	b7f1                	j	1acc <_vfiprintf_r+0x16c>
    1b02:	036787b3          	mul	a5,a5,s6
    1b06:	4685                	li	a3,1
    1b08:	842e                	mv	s0,a1
    1b0a:	97ba                	add	a5,a5,a4
    1b0c:	bf3d                	j	1a4a <_vfiprintf_r+0xea>
    1b0e:	57fd                	li	a5,-1
    1b10:	b7c5                	j	1af0 <_vfiprintf_r+0x190>
    1b12:	0405                	addi	s0,s0,1
    1b14:	ca02                	sw	zero,20(sp)
    1b16:	4681                	li	a3,0
    1b18:	4781                	li	a5,0
    1b1a:	4625                	li	a2,9
    1b1c:	2018                	lbu	a4,0(s0)
    1b1e:	00140593          	addi	a1,s0,1
    1b22:	fd070713          	addi	a4,a4,-48
    1b26:	06e67463          	bgeu	a2,a4,1b8e <_vfiprintf_r+0x22e>
    1b2a:	f2f9                	bnez	a3,1af0 <_vfiprintf_r+0x190>
    1b2c:	200c                	lbu	a1,0(s0)
    1b2e:	460d                	li	a2,3
    1b30:	00001517          	auipc	a0,0x1
    1b34:	8a050513          	addi	a0,a0,-1888 # 23d0 <__sf_fake_stdout+0x28>
    1b38:	2d05                	jal	2168 <memchr>
    1b3a:	cd11                	beqz	a0,1b56 <_vfiprintf_r+0x1f6>
    1b3c:	00001797          	auipc	a5,0x1
    1b40:	89478793          	addi	a5,a5,-1900 # 23d0 <__sf_fake_stdout+0x28>
    1b44:	8d1d                	sub	a0,a0,a5
    1b46:	04000793          	li	a5,64
    1b4a:	00a797b3          	sll	a5,a5,a0
    1b4e:	4542                	lw	a0,16(sp)
    1b50:	0405                	addi	s0,s0,1
    1b52:	8d5d                	or	a0,a0,a5
    1b54:	c82a                	sw	a0,16(sp)
    1b56:	200c                	lbu	a1,0(s0)
    1b58:	4619                	li	a2,6
    1b5a:	00001517          	auipc	a0,0x1
    1b5e:	87a50513          	addi	a0,a0,-1926 # 23d4 <__sf_fake_stdout+0x2c>
    1b62:	00140913          	addi	s2,s0,1
    1b66:	02b10423          	sb	a1,40(sp)
    1b6a:	2bfd                	jal	2168 <memchr>
    1b6c:	c135                	beqz	a0,1bd0 <_vfiprintf_r+0x270>
    1b6e:	ffffe797          	auipc	a5,0xffffe
    1b72:	49278793          	addi	a5,a5,1170 # 0 <_sinit>
    1b76:	e795                	bnez	a5,1ba2 <_vfiprintf_r+0x242>
    1b78:	4742                	lw	a4,16(sp)
    1b7a:	47b2                	lw	a5,12(sp)
    1b7c:	10077713          	andi	a4,a4,256
    1b80:	cf09                	beqz	a4,1b9a <_vfiprintf_r+0x23a>
    1b82:	0791                	addi	a5,a5,4
    1b84:	c63e                	sw	a5,12(sp)
    1b86:	5792                	lw	a5,36(sp)
    1b88:	97d2                	add	a5,a5,s4
    1b8a:	d23e                	sw	a5,36(sp)
    1b8c:	bd2d                	j	19c6 <_vfiprintf_r+0x66>
    1b8e:	036787b3          	mul	a5,a5,s6
    1b92:	4685                	li	a3,1
    1b94:	842e                	mv	s0,a1
    1b96:	97ba                	add	a5,a5,a4
    1b98:	b751                	j	1b1c <_vfiprintf_r+0x1bc>
    1b9a:	079d                	addi	a5,a5,7
    1b9c:	9be1                	andi	a5,a5,-8
    1b9e:	07a1                	addi	a5,a5,8
    1ba0:	b7d5                	j	1b84 <_vfiprintf_r+0x224>
    1ba2:	0078                	addi	a4,sp,12
    1ba4:	00000697          	auipc	a3,0x0
    1ba8:	d7c68693          	addi	a3,a3,-644 # 1920 <__sfputs_r>
    1bac:	8626                	mv	a2,s1
    1bae:	080c                	addi	a1,sp,16
    1bb0:	854e                	mv	a0,s3
    1bb2:	00000097          	auipc	ra,0x0
    1bb6:	000000e7          	jalr	zero # 0 <_sinit>
    1bba:	57fd                	li	a5,-1
    1bbc:	8a2a                	mv	s4,a0
    1bbe:	fcf514e3          	bne	a0,a5,1b86 <_vfiprintf_r+0x226>
    1bc2:	24de                	lhu	a5,12(s1)
    1bc4:	0407f793          	andi	a5,a5,64
    1bc8:	ec0792e3          	bnez	a5,1a8c <_vfiprintf_r+0x12c>
    1bcc:	5512                	lw	a0,36(sp)
    1bce:	b5c1                	j	1a8e <_vfiprintf_r+0x12e>
    1bd0:	0078                	addi	a4,sp,12
    1bd2:	00000697          	auipc	a3,0x0
    1bd6:	d4e68693          	addi	a3,a3,-690 # 1920 <__sfputs_r>
    1bda:	8626                	mv	a2,s1
    1bdc:	080c                	addi	a1,sp,16
    1bde:	854e                	mv	a0,s3
    1be0:	2a01                	jal	1cf0 <_printf_i>
    1be2:	bfe1                	j	1bba <_vfiprintf_r+0x25a>

00001be4 <_printf_common>:
    1be4:	7179                	addi	sp,sp,-48
    1be6:	ca56                	sw	s5,20(sp)
    1be8:	499c                	lw	a5,16(a1)
    1bea:	8aba                	mv	s5,a4
    1bec:	4598                	lw	a4,8(a1)
    1bee:	d422                	sw	s0,40(sp)
    1bf0:	d226                	sw	s1,36(sp)
    1bf2:	ce4e                	sw	s3,28(sp)
    1bf4:	cc52                	sw	s4,24(sp)
    1bf6:	d606                	sw	ra,44(sp)
    1bf8:	d04a                	sw	s2,32(sp)
    1bfa:	c85a                	sw	s6,16(sp)
    1bfc:	c65e                	sw	s7,12(sp)
    1bfe:	89aa                	mv	s3,a0
    1c00:	842e                	mv	s0,a1
    1c02:	84b2                	mv	s1,a2
    1c04:	8a36                	mv	s4,a3
    1c06:	00e7d363          	bge	a5,a4,1c0c <_printf_common+0x28>
    1c0a:	87ba                	mv	a5,a4
    1c0c:	c09c                	sw	a5,0(s1)
    1c0e:	04344703          	lbu	a4,67(s0)
    1c12:	c319                	beqz	a4,1c18 <_printf_common+0x34>
    1c14:	0785                	addi	a5,a5,1
    1c16:	c09c                	sw	a5,0(s1)
    1c18:	401c                	lw	a5,0(s0)
    1c1a:	0207f793          	andi	a5,a5,32
    1c1e:	c781                	beqz	a5,1c26 <_printf_common+0x42>
    1c20:	409c                	lw	a5,0(s1)
    1c22:	0789                	addi	a5,a5,2
    1c24:	c09c                	sw	a5,0(s1)
    1c26:	00042903          	lw	s2,0(s0)
    1c2a:	00697913          	andi	s2,s2,6
    1c2e:	00091a63          	bnez	s2,1c42 <_printf_common+0x5e>
    1c32:	01940b13          	addi	s6,s0,25
    1c36:	5bfd                	li	s7,-1
    1c38:	445c                	lw	a5,12(s0)
    1c3a:	4098                	lw	a4,0(s1)
    1c3c:	8f99                	sub	a5,a5,a4
    1c3e:	04f94c63          	blt	s2,a5,1c96 <_printf_common+0xb2>
    1c42:	401c                	lw	a5,0(s0)
    1c44:	04344683          	lbu	a3,67(s0)
    1c48:	0207f793          	andi	a5,a5,32
    1c4c:	00d036b3          	snez	a3,a3
    1c50:	eba5                	bnez	a5,1cc0 <_printf_common+0xdc>
    1c52:	04340613          	addi	a2,s0,67
    1c56:	85d2                	mv	a1,s4
    1c58:	854e                	mv	a0,s3
    1c5a:	9a82                	jalr	s5
    1c5c:	57fd                	li	a5,-1
    1c5e:	04f50363          	beq	a0,a5,1ca4 <_printf_common+0xc0>
    1c62:	401c                	lw	a5,0(s0)
    1c64:	4611                	li	a2,4
    1c66:	4098                	lw	a4,0(s1)
    1c68:	8b99                	andi	a5,a5,6
    1c6a:	4454                	lw	a3,12(s0)
    1c6c:	4481                	li	s1,0
    1c6e:	00c79763          	bne	a5,a2,1c7c <_printf_common+0x98>
    1c72:	40e684b3          	sub	s1,a3,a4
    1c76:	0004d363          	bgez	s1,1c7c <_printf_common+0x98>
    1c7a:	4481                	li	s1,0
    1c7c:	441c                	lw	a5,8(s0)
    1c7e:	4818                	lw	a4,16(s0)
    1c80:	00f75463          	bge	a4,a5,1c88 <_printf_common+0xa4>
    1c84:	8f99                	sub	a5,a5,a4
    1c86:	94be                	add	s1,s1,a5
    1c88:	4901                	li	s2,0
    1c8a:	0469                	addi	s0,s0,26
    1c8c:	5b7d                	li	s6,-1
    1c8e:	05249863          	bne	s1,s2,1cde <_printf_common+0xfa>
    1c92:	4501                	li	a0,0
    1c94:	a809                	j	1ca6 <_printf_common+0xc2>
    1c96:	4685                	li	a3,1
    1c98:	865a                	mv	a2,s6
    1c9a:	85d2                	mv	a1,s4
    1c9c:	854e                	mv	a0,s3
    1c9e:	9a82                	jalr	s5
    1ca0:	01751e63          	bne	a0,s7,1cbc <_printf_common+0xd8>
    1ca4:	557d                	li	a0,-1
    1ca6:	50b2                	lw	ra,44(sp)
    1ca8:	5422                	lw	s0,40(sp)
    1caa:	5492                	lw	s1,36(sp)
    1cac:	5902                	lw	s2,32(sp)
    1cae:	49f2                	lw	s3,28(sp)
    1cb0:	4a62                	lw	s4,24(sp)
    1cb2:	4ad2                	lw	s5,20(sp)
    1cb4:	4b42                	lw	s6,16(sp)
    1cb6:	4bb2                	lw	s7,12(sp)
    1cb8:	6145                	addi	sp,sp,48
    1cba:	8082                	ret
    1cbc:	0905                	addi	s2,s2,1
    1cbe:	bfad                	j	1c38 <_printf_common+0x54>
    1cc0:	00d40733          	add	a4,s0,a3
    1cc4:	03000613          	li	a2,48
    1cc8:	04c701a3          	sb	a2,67(a4)
    1ccc:	04544703          	lbu	a4,69(s0)
    1cd0:	00168793          	addi	a5,a3,1
    1cd4:	97a2                	add	a5,a5,s0
    1cd6:	0689                	addi	a3,a3,2
    1cd8:	04e781a3          	sb	a4,67(a5)
    1cdc:	bf9d                	j	1c52 <_printf_common+0x6e>
    1cde:	4685                	li	a3,1
    1ce0:	8622                	mv	a2,s0
    1ce2:	85d2                	mv	a1,s4
    1ce4:	854e                	mv	a0,s3
    1ce6:	9a82                	jalr	s5
    1ce8:	fb650ee3          	beq	a0,s6,1ca4 <_printf_common+0xc0>
    1cec:	0905                	addi	s2,s2,1
    1cee:	b745                	j	1c8e <_printf_common+0xaa>

00001cf0 <_printf_i>:
    1cf0:	7179                	addi	sp,sp,-48
    1cf2:	d422                	sw	s0,40(sp)
    1cf4:	d226                	sw	s1,36(sp)
    1cf6:	d04a                	sw	s2,32(sp)
    1cf8:	ce4e                	sw	s3,28(sp)
    1cfa:	d606                	sw	ra,44(sp)
    1cfc:	cc52                	sw	s4,24(sp)
    1cfe:	ca56                	sw	s5,20(sp)
    1d00:	c85a                	sw	s6,16(sp)
    1d02:	89b6                	mv	s3,a3
    1d04:	2d94                	lbu	a3,24(a1)
    1d06:	06900793          	li	a5,105
    1d0a:	8932                	mv	s2,a2
    1d0c:	84aa                	mv	s1,a0
    1d0e:	842e                	mv	s0,a1
    1d10:	04358613          	addi	a2,a1,67
    1d14:	02f68d63          	beq	a3,a5,1d4e <_printf_i+0x5e>
    1d18:	06d7e263          	bltu	a5,a3,1d7c <_printf_i+0x8c>
    1d1c:	05800793          	li	a5,88
    1d20:	18f68563          	beq	a3,a5,1eaa <_printf_i+0x1ba>
    1d24:	00d7ed63          	bltu	a5,a3,1d3e <_printf_i+0x4e>
    1d28:	20068d63          	beqz	a3,1f42 <_printf_i+0x252>
    1d2c:	04300793          	li	a5,67
    1d30:	0af68e63          	beq	a3,a5,1dec <_printf_i+0xfc>
    1d34:	04240a93          	addi	s5,s0,66
    1d38:	04d40123          	sb	a3,66(s0)
    1d3c:	a0c9                	j	1dfe <_printf_i+0x10e>
    1d3e:	06300793          	li	a5,99
    1d42:	0af68563          	beq	a3,a5,1dec <_printf_i+0xfc>
    1d46:	06400793          	li	a5,100
    1d4a:	fef695e3          	bne	a3,a5,1d34 <_printf_i+0x44>
    1d4e:	401c                	lw	a5,0(s0)
    1d50:	4308                	lw	a0,0(a4)
    1d52:	0807f693          	andi	a3,a5,128
    1d56:	00450593          	addi	a1,a0,4
    1d5a:	c6c5                	beqz	a3,1e02 <_printf_i+0x112>
    1d5c:	411c                	lw	a5,0(a0)
    1d5e:	c30c                	sw	a1,0(a4)
    1d60:	0007d863          	bgez	a5,1d70 <_printf_i+0x80>
    1d64:	02d00713          	li	a4,45
    1d68:	40f007b3          	neg	a5,a5
    1d6c:	04e401a3          	sb	a4,67(s0)
    1d70:	00000697          	auipc	a3,0x0
    1d74:	66c68693          	addi	a3,a3,1644 # 23dc <__sf_fake_stdout+0x34>
    1d78:	4729                	li	a4,10
    1d7a:	a865                	j	1e32 <_printf_i+0x142>
    1d7c:	07000793          	li	a5,112
    1d80:	16f68163          	beq	a3,a5,1ee2 <_printf_i+0x1f2>
    1d84:	02d7e563          	bltu	a5,a3,1dae <_printf_i+0xbe>
    1d88:	06e00793          	li	a5,110
    1d8c:	18f68863          	beq	a3,a5,1f1c <_printf_i+0x22c>
    1d90:	06f00793          	li	a5,111
    1d94:	faf690e3          	bne	a3,a5,1d34 <_printf_i+0x44>
    1d98:	400c                	lw	a1,0(s0)
    1d9a:	431c                	lw	a5,0(a4)
    1d9c:	0805f813          	andi	a6,a1,128
    1da0:	00478513          	addi	a0,a5,4
    1da4:	06080763          	beqz	a6,1e12 <_printf_i+0x122>
    1da8:	c308                	sw	a0,0(a4)
    1daa:	439c                	lw	a5,0(a5)
    1dac:	a885                	j	1e1c <_printf_i+0x12c>
    1dae:	07500793          	li	a5,117
    1db2:	fef683e3          	beq	a3,a5,1d98 <_printf_i+0xa8>
    1db6:	07800793          	li	a5,120
    1dba:	12f68863          	beq	a3,a5,1eea <_printf_i+0x1fa>
    1dbe:	07300793          	li	a5,115
    1dc2:	f6f699e3          	bne	a3,a5,1d34 <_printf_i+0x44>
    1dc6:	431c                	lw	a5,0(a4)
    1dc8:	41d0                	lw	a2,4(a1)
    1dca:	4581                	li	a1,0
    1dcc:	00478693          	addi	a3,a5,4
    1dd0:	c314                	sw	a3,0(a4)
    1dd2:	0007aa83          	lw	s5,0(a5)
    1dd6:	8556                	mv	a0,s5
    1dd8:	2e41                	jal	2168 <memchr>
    1dda:	c501                	beqz	a0,1de2 <_printf_i+0xf2>
    1ddc:	41550533          	sub	a0,a0,s5
    1de0:	c048                	sw	a0,4(s0)
    1de2:	405c                	lw	a5,4(s0)
    1de4:	c81c                	sw	a5,16(s0)
    1de6:	040401a3          	sb	zero,67(s0)
    1dea:	a861                	j	1e82 <_printf_i+0x192>
    1dec:	431c                	lw	a5,0(a4)
    1dee:	04240a93          	addi	s5,s0,66
    1df2:	00478693          	addi	a3,a5,4
    1df6:	439c                	lw	a5,0(a5)
    1df8:	c314                	sw	a3,0(a4)
    1dfa:	04f40123          	sb	a5,66(s0)
    1dfe:	4785                	li	a5,1
    1e00:	b7d5                	j	1de4 <_printf_i+0xf4>
    1e02:	0407f693          	andi	a3,a5,64
    1e06:	411c                	lw	a5,0(a0)
    1e08:	c30c                	sw	a1,0(a4)
    1e0a:	dab9                	beqz	a3,1d60 <_printf_i+0x70>
    1e0c:	07c2                	slli	a5,a5,0x10
    1e0e:	87c1                	srai	a5,a5,0x10
    1e10:	bf81                	j	1d60 <_printf_i+0x70>
    1e12:	0405f593          	andi	a1,a1,64
    1e16:	c308                	sw	a0,0(a4)
    1e18:	d9c9                	beqz	a1,1daa <_printf_i+0xba>
    1e1a:	239e                	lhu	a5,0(a5)
    1e1c:	06f00713          	li	a4,111
    1e20:	0ee68663          	beq	a3,a4,1f0c <_printf_i+0x21c>
    1e24:	00000697          	auipc	a3,0x0
    1e28:	5b868693          	addi	a3,a3,1464 # 23dc <__sf_fake_stdout+0x34>
    1e2c:	4729                	li	a4,10
    1e2e:	040401a3          	sb	zero,67(s0)
    1e32:	404c                	lw	a1,4(s0)
    1e34:	c40c                	sw	a1,8(s0)
    1e36:	0005c563          	bltz	a1,1e40 <_printf_i+0x150>
    1e3a:	4008                	lw	a0,0(s0)
    1e3c:	996d                	andi	a0,a0,-5
    1e3e:	c008                	sw	a0,0(s0)
    1e40:	e399                	bnez	a5,1e46 <_printf_i+0x156>
    1e42:	8ab2                	mv	s5,a2
    1e44:	cd89                	beqz	a1,1e5e <_printf_i+0x16e>
    1e46:	8ab2                	mv	s5,a2
    1e48:	02e7f5b3          	remu	a1,a5,a4
    1e4c:	1afd                	addi	s5,s5,-1
    1e4e:	95b6                	add	a1,a1,a3
    1e50:	218c                	lbu	a1,0(a1)
    1e52:	00ba8023          	sb	a1,0(s5)
    1e56:	02e7d5b3          	divu	a1,a5,a4
    1e5a:	0ae7ff63          	bgeu	a5,a4,1f18 <_printf_i+0x228>
    1e5e:	47a1                	li	a5,8
    1e60:	00f71e63          	bne	a4,a5,1e7c <_printf_i+0x18c>
    1e64:	401c                	lw	a5,0(s0)
    1e66:	8b85                	andi	a5,a5,1
    1e68:	cb91                	beqz	a5,1e7c <_printf_i+0x18c>
    1e6a:	4058                	lw	a4,4(s0)
    1e6c:	481c                	lw	a5,16(s0)
    1e6e:	00e7c763          	blt	a5,a4,1e7c <_printf_i+0x18c>
    1e72:	03000793          	li	a5,48
    1e76:	fefa8fa3          	sb	a5,-1(s5)
    1e7a:	1afd                	addi	s5,s5,-1
    1e7c:	41560633          	sub	a2,a2,s5
    1e80:	c810                	sw	a2,16(s0)
    1e82:	874e                	mv	a4,s3
    1e84:	86ca                	mv	a3,s2
    1e86:	0070                	addi	a2,sp,12
    1e88:	85a2                	mv	a1,s0
    1e8a:	8526                	mv	a0,s1
    1e8c:	3ba1                	jal	1be4 <_printf_common>
    1e8e:	5a7d                	li	s4,-1
    1e90:	0b451d63          	bne	a0,s4,1f4a <_printf_i+0x25a>
    1e94:	557d                	li	a0,-1
    1e96:	50b2                	lw	ra,44(sp)
    1e98:	5422                	lw	s0,40(sp)
    1e9a:	5492                	lw	s1,36(sp)
    1e9c:	5902                	lw	s2,32(sp)
    1e9e:	49f2                	lw	s3,28(sp)
    1ea0:	4a62                	lw	s4,24(sp)
    1ea2:	4ad2                	lw	s5,20(sp)
    1ea4:	4b42                	lw	s6,16(sp)
    1ea6:	6145                	addi	sp,sp,48
    1ea8:	8082                	ret
    1eaa:	04d582a3          	sb	a3,69(a1)
    1eae:	00000697          	auipc	a3,0x0
    1eb2:	52e68693          	addi	a3,a3,1326 # 23dc <__sf_fake_stdout+0x34>
    1eb6:	400c                	lw	a1,0(s0)
    1eb8:	4308                	lw	a0,0(a4)
    1eba:	0805f813          	andi	a6,a1,128
    1ebe:	411c                	lw	a5,0(a0)
    1ec0:	0511                	addi	a0,a0,4
    1ec2:	02080d63          	beqz	a6,1efc <_printf_i+0x20c>
    1ec6:	c308                	sw	a0,0(a4)
    1ec8:	0015f713          	andi	a4,a1,1
    1ecc:	c701                	beqz	a4,1ed4 <_printf_i+0x1e4>
    1ece:	0205e593          	ori	a1,a1,32
    1ed2:	c00c                	sw	a1,0(s0)
    1ed4:	4741                	li	a4,16
    1ed6:	ffa1                	bnez	a5,1e2e <_printf_i+0x13e>
    1ed8:	400c                	lw	a1,0(s0)
    1eda:	fdf5f593          	andi	a1,a1,-33
    1ede:	c00c                	sw	a1,0(s0)
    1ee0:	b7b9                	j	1e2e <_printf_i+0x13e>
    1ee2:	419c                	lw	a5,0(a1)
    1ee4:	0207e793          	ori	a5,a5,32
    1ee8:	c19c                	sw	a5,0(a1)
    1eea:	07800793          	li	a5,120
    1eee:	04f402a3          	sb	a5,69(s0)
    1ef2:	00000697          	auipc	a3,0x0
    1ef6:	4fe68693          	addi	a3,a3,1278 # 23f0 <__sf_fake_stdout+0x48>
    1efa:	bf75                	j	1eb6 <_printf_i+0x1c6>
    1efc:	0405f813          	andi	a6,a1,64
    1f00:	c308                	sw	a0,0(a4)
    1f02:	fc0803e3          	beqz	a6,1ec8 <_printf_i+0x1d8>
    1f06:	07c2                	slli	a5,a5,0x10
    1f08:	83c1                	srli	a5,a5,0x10
    1f0a:	bf7d                	j	1ec8 <_printf_i+0x1d8>
    1f0c:	00000697          	auipc	a3,0x0
    1f10:	4d068693          	addi	a3,a3,1232 # 23dc <__sf_fake_stdout+0x34>
    1f14:	4721                	li	a4,8
    1f16:	bf21                	j	1e2e <_printf_i+0x13e>
    1f18:	87ae                	mv	a5,a1
    1f1a:	b73d                	j	1e48 <_printf_i+0x158>
    1f1c:	4194                	lw	a3,0(a1)
    1f1e:	431c                	lw	a5,0(a4)
    1f20:	49cc                	lw	a1,20(a1)
    1f22:	0806f813          	andi	a6,a3,128
    1f26:	00478513          	addi	a0,a5,4
    1f2a:	00080663          	beqz	a6,1f36 <_printf_i+0x246>
    1f2e:	c308                	sw	a0,0(a4)
    1f30:	439c                	lw	a5,0(a5)
    1f32:	c38c                	sw	a1,0(a5)
    1f34:	a039                	j	1f42 <_printf_i+0x252>
    1f36:	c308                	sw	a0,0(a4)
    1f38:	0406f693          	andi	a3,a3,64
    1f3c:	439c                	lw	a5,0(a5)
    1f3e:	daf5                	beqz	a3,1f32 <_printf_i+0x242>
    1f40:	a38e                	sh	a1,0(a5)
    1f42:	00042823          	sw	zero,16(s0)
    1f46:	8ab2                	mv	s5,a2
    1f48:	bf2d                	j	1e82 <_printf_i+0x192>
    1f4a:	4814                	lw	a3,16(s0)
    1f4c:	8656                	mv	a2,s5
    1f4e:	85ca                	mv	a1,s2
    1f50:	8526                	mv	a0,s1
    1f52:	9982                	jalr	s3
    1f54:	f54500e3          	beq	a0,s4,1e94 <_printf_i+0x1a4>
    1f58:	401c                	lw	a5,0(s0)
    1f5a:	8b89                	andi	a5,a5,2
    1f5c:	e78d                	bnez	a5,1f86 <_printf_i+0x296>
    1f5e:	47b2                	lw	a5,12(sp)
    1f60:	4448                	lw	a0,12(s0)
    1f62:	f2f55ae3          	bge	a0,a5,1e96 <_printf_i+0x1a6>
    1f66:	853e                	mv	a0,a5
    1f68:	b73d                	j	1e96 <_printf_i+0x1a6>
    1f6a:	4685                	li	a3,1
    1f6c:	8656                	mv	a2,s5
    1f6e:	85ca                	mv	a1,s2
    1f70:	8526                	mv	a0,s1
    1f72:	9982                	jalr	s3
    1f74:	f36500e3          	beq	a0,s6,1e94 <_printf_i+0x1a4>
    1f78:	0a05                	addi	s4,s4,1
    1f7a:	445c                	lw	a5,12(s0)
    1f7c:	4732                	lw	a4,12(sp)
    1f7e:	8f99                	sub	a5,a5,a4
    1f80:	fefa45e3          	blt	s4,a5,1f6a <_printf_i+0x27a>
    1f84:	bfe9                	j	1f5e <_printf_i+0x26e>
    1f86:	4a01                	li	s4,0
    1f88:	01940a93          	addi	s5,s0,25
    1f8c:	5b7d                	li	s6,-1
    1f8e:	b7f5                	j	1f7a <_printf_i+0x28a>

00001f90 <_sbrk_r>:
    1f90:	1141                	addi	sp,sp,-16
    1f92:	c422                	sw	s0,8(sp)
    1f94:	842a                	mv	s0,a0
    1f96:	852e                	mv	a0,a1
    1f98:	20000797          	auipc	a5,0x20000
    1f9c:	1607a823          	sw	zero,368(a5) # 20002108 <errno>
    1fa0:	c606                	sw	ra,12(sp)
    1fa2:	f8bfe0ef          	jal	ra,f2c <_sbrk>
    1fa6:	57fd                	li	a5,-1
    1fa8:	00f51963          	bne	a0,a5,1fba <_sbrk_r+0x2a>
    1fac:	20000797          	auipc	a5,0x20000
    1fb0:	15c78793          	addi	a5,a5,348 # 20002108 <errno>
    1fb4:	439c                	lw	a5,0(a5)
    1fb6:	c391                	beqz	a5,1fba <_sbrk_r+0x2a>
    1fb8:	c01c                	sw	a5,0(s0)
    1fba:	40b2                	lw	ra,12(sp)
    1fbc:	4422                	lw	s0,8(sp)
    1fbe:	0141                	addi	sp,sp,16
    1fc0:	8082                	ret

00001fc2 <__sread>:
    1fc2:	1141                	addi	sp,sp,-16
    1fc4:	c422                	sw	s0,8(sp)
    1fc6:	842e                	mv	s0,a1
    1fc8:	00e59583          	lh	a1,14(a1)
    1fcc:	c606                	sw	ra,12(sp)
    1fce:	2a5d                	jal	2184 <_read_r>
    1fd0:	00054963          	bltz	a0,1fe2 <__sread+0x20>
    1fd4:	487c                	lw	a5,84(s0)
    1fd6:	97aa                	add	a5,a5,a0
    1fd8:	c87c                	sw	a5,84(s0)
    1fda:	40b2                	lw	ra,12(sp)
    1fdc:	4422                	lw	s0,8(sp)
    1fde:	0141                	addi	sp,sp,16
    1fe0:	8082                	ret
    1fe2:	245e                	lhu	a5,12(s0)
    1fe4:	777d                	lui	a4,0xfffff
    1fe6:	177d                	addi	a4,a4,-1
    1fe8:	8ff9                	and	a5,a5,a4
    1fea:	a45e                	sh	a5,12(s0)
    1fec:	b7fd                	j	1fda <__sread+0x18>

00001fee <__swrite>:
    1fee:	25de                	lhu	a5,12(a1)
    1ff0:	1101                	addi	sp,sp,-32
    1ff2:	cc22                	sw	s0,24(sp)
    1ff4:	ca26                	sw	s1,20(sp)
    1ff6:	c84a                	sw	s2,16(sp)
    1ff8:	c64e                	sw	s3,12(sp)
    1ffa:	ce06                	sw	ra,28(sp)
    1ffc:	1007f793          	andi	a5,a5,256
    2000:	84aa                	mv	s1,a0
    2002:	842e                	mv	s0,a1
    2004:	8932                	mv	s2,a2
    2006:	89b6                	mv	s3,a3
    2008:	c791                	beqz	a5,2014 <__swrite+0x26>
    200a:	00e59583          	lh	a1,14(a1)
    200e:	4689                	li	a3,2
    2010:	4601                	li	a2,0
    2012:	220d                	jal	2134 <_lseek_r>
    2014:	245e                	lhu	a5,12(s0)
    2016:	777d                	lui	a4,0xfffff
    2018:	177d                	addi	a4,a4,-1
    201a:	8ff9                	and	a5,a5,a4
    201c:	a45e                	sh	a5,12(s0)
    201e:	00e41583          	lh	a1,14(s0)
    2022:	4462                	lw	s0,24(sp)
    2024:	40f2                	lw	ra,28(sp)
    2026:	86ce                	mv	a3,s3
    2028:	864a                	mv	a2,s2
    202a:	49b2                	lw	s3,12(sp)
    202c:	4942                	lw	s2,16(sp)
    202e:	8526                	mv	a0,s1
    2030:	44d2                	lw	s1,20(sp)
    2032:	6105                	addi	sp,sp,32
    2034:	a825                	j	206c <_write_r>

00002036 <__sseek>:
    2036:	1141                	addi	sp,sp,-16
    2038:	c422                	sw	s0,8(sp)
    203a:	842e                	mv	s0,a1
    203c:	00e59583          	lh	a1,14(a1)
    2040:	c606                	sw	ra,12(sp)
    2042:	28cd                	jal	2134 <_lseek_r>
    2044:	57fd                	li	a5,-1
    2046:	245a                	lhu	a4,12(s0)
    2048:	00f51a63          	bne	a0,a5,205c <__sseek+0x26>
    204c:	77fd                	lui	a5,0xfffff
    204e:	17fd                	addi	a5,a5,-1
    2050:	8ff9                	and	a5,a5,a4
    2052:	a45e                	sh	a5,12(s0)
    2054:	40b2                	lw	ra,12(sp)
    2056:	4422                	lw	s0,8(sp)
    2058:	0141                	addi	sp,sp,16
    205a:	8082                	ret
    205c:	6785                	lui	a5,0x1
    205e:	8fd9                	or	a5,a5,a4
    2060:	a45e                	sh	a5,12(s0)
    2062:	c868                	sw	a0,84(s0)
    2064:	bfc5                	j	2054 <__sseek+0x1e>

00002066 <__sclose>:
    2066:	00e59583          	lh	a1,14(a1)
    206a:	a825                	j	20a2 <_close_r>

0000206c <_write_r>:
    206c:	1141                	addi	sp,sp,-16
    206e:	c422                	sw	s0,8(sp)
    2070:	842a                	mv	s0,a0
    2072:	852e                	mv	a0,a1
    2074:	85b2                	mv	a1,a2
    2076:	8636                	mv	a2,a3
    2078:	20000797          	auipc	a5,0x20000
    207c:	0807a823          	sw	zero,144(a5) # 20002108 <errno>
    2080:	c606                	sw	ra,12(sp)
    2082:	e71fe0ef          	jal	ra,ef2 <_write>
    2086:	57fd                	li	a5,-1
    2088:	00f51963          	bne	a0,a5,209a <_write_r+0x2e>
    208c:	20000797          	auipc	a5,0x20000
    2090:	07c78793          	addi	a5,a5,124 # 20002108 <errno>
    2094:	439c                	lw	a5,0(a5)
    2096:	c391                	beqz	a5,209a <_write_r+0x2e>
    2098:	c01c                	sw	a5,0(s0)
    209a:	40b2                	lw	ra,12(sp)
    209c:	4422                	lw	s0,8(sp)
    209e:	0141                	addi	sp,sp,16
    20a0:	8082                	ret

000020a2 <_close_r>:
    20a2:	1141                	addi	sp,sp,-16
    20a4:	c422                	sw	s0,8(sp)
    20a6:	842a                	mv	s0,a0
    20a8:	852e                	mv	a0,a1
    20aa:	20000797          	auipc	a5,0x20000
    20ae:	0407af23          	sw	zero,94(a5) # 20002108 <errno>
    20b2:	c606                	sw	ra,12(sp)
    20b4:	2211                	jal	21b8 <_close>
    20b6:	57fd                	li	a5,-1
    20b8:	00f51963          	bne	a0,a5,20ca <_close_r+0x28>
    20bc:	20000797          	auipc	a5,0x20000
    20c0:	04c78793          	addi	a5,a5,76 # 20002108 <errno>
    20c4:	439c                	lw	a5,0(a5)
    20c6:	c391                	beqz	a5,20ca <_close_r+0x28>
    20c8:	c01c                	sw	a5,0(s0)
    20ca:	40b2                	lw	ra,12(sp)
    20cc:	4422                	lw	s0,8(sp)
    20ce:	0141                	addi	sp,sp,16
    20d0:	8082                	ret

000020d2 <_fstat_r>:
    20d2:	1141                	addi	sp,sp,-16
    20d4:	c422                	sw	s0,8(sp)
    20d6:	842a                	mv	s0,a0
    20d8:	852e                	mv	a0,a1
    20da:	85b2                	mv	a1,a2
    20dc:	20000797          	auipc	a5,0x20000
    20e0:	0207a623          	sw	zero,44(a5) # 20002108 <errno>
    20e4:	c606                	sw	ra,12(sp)
    20e6:	20cd                	jal	21c8 <_fstat>
    20e8:	57fd                	li	a5,-1
    20ea:	00f51963          	bne	a0,a5,20fc <_fstat_r+0x2a>
    20ee:	20000797          	auipc	a5,0x20000
    20f2:	01a78793          	addi	a5,a5,26 # 20002108 <errno>
    20f6:	439c                	lw	a5,0(a5)
    20f8:	c391                	beqz	a5,20fc <_fstat_r+0x2a>
    20fa:	c01c                	sw	a5,0(s0)
    20fc:	40b2                	lw	ra,12(sp)
    20fe:	4422                	lw	s0,8(sp)
    2100:	0141                	addi	sp,sp,16
    2102:	8082                	ret

00002104 <_isatty_r>:
    2104:	1141                	addi	sp,sp,-16
    2106:	c422                	sw	s0,8(sp)
    2108:	842a                	mv	s0,a0
    210a:	852e                	mv	a0,a1
    210c:	20000797          	auipc	a5,0x20000
    2110:	fe07ae23          	sw	zero,-4(a5) # 20002108 <errno>
    2114:	c606                	sw	ra,12(sp)
    2116:	20c9                	jal	21d8 <_isatty>
    2118:	57fd                	li	a5,-1
    211a:	00f51963          	bne	a0,a5,212c <_isatty_r+0x28>
    211e:	20000797          	auipc	a5,0x20000
    2122:	fea78793          	addi	a5,a5,-22 # 20002108 <errno>
    2126:	439c                	lw	a5,0(a5)
    2128:	c391                	beqz	a5,212c <_isatty_r+0x28>
    212a:	c01c                	sw	a5,0(s0)
    212c:	40b2                	lw	ra,12(sp)
    212e:	4422                	lw	s0,8(sp)
    2130:	0141                	addi	sp,sp,16
    2132:	8082                	ret

00002134 <_lseek_r>:
    2134:	1141                	addi	sp,sp,-16
    2136:	c422                	sw	s0,8(sp)
    2138:	842a                	mv	s0,a0
    213a:	852e                	mv	a0,a1
    213c:	85b2                	mv	a1,a2
    213e:	8636                	mv	a2,a3
    2140:	20000797          	auipc	a5,0x20000
    2144:	fc07a423          	sw	zero,-56(a5) # 20002108 <errno>
    2148:	c606                	sw	ra,12(sp)
    214a:	2879                	jal	21e8 <_lseek>
    214c:	57fd                	li	a5,-1
    214e:	00f51963          	bne	a0,a5,2160 <_lseek_r+0x2c>
    2152:	20000797          	auipc	a5,0x20000
    2156:	fb678793          	addi	a5,a5,-74 # 20002108 <errno>
    215a:	439c                	lw	a5,0(a5)
    215c:	c391                	beqz	a5,2160 <_lseek_r+0x2c>
    215e:	c01c                	sw	a5,0(s0)
    2160:	40b2                	lw	ra,12(sp)
    2162:	4422                	lw	s0,8(sp)
    2164:	0141                	addi	sp,sp,16
    2166:	8082                	ret

00002168 <memchr>:
    2168:	0ff5f593          	andi	a1,a1,255
    216c:	962a                	add	a2,a2,a0
    216e:	00c51463          	bne	a0,a2,2176 <memchr+0xe>
    2172:	4501                	li	a0,0
    2174:	8082                	ret
    2176:	211c                	lbu	a5,0(a0)
    2178:	feb78ee3          	beq	a5,a1,2174 <memchr+0xc>
    217c:	0505                	addi	a0,a0,1
    217e:	bfc5                	j	216e <memchr+0x6>

00002180 <__malloc_lock>:
    2180:	8082                	ret

00002182 <__malloc_unlock>:
    2182:	8082                	ret

00002184 <_read_r>:
    2184:	1141                	addi	sp,sp,-16
    2186:	c422                	sw	s0,8(sp)
    2188:	842a                	mv	s0,a0
    218a:	852e                	mv	a0,a1
    218c:	85b2                	mv	a1,a2
    218e:	8636                	mv	a2,a3
    2190:	20000797          	auipc	a5,0x20000
    2194:	f607ac23          	sw	zero,-136(a5) # 20002108 <errno>
    2198:	c606                	sw	ra,12(sp)
    219a:	28b9                	jal	21f8 <_read>
    219c:	57fd                	li	a5,-1
    219e:	00f51963          	bne	a0,a5,21b0 <_read_r+0x2c>
    21a2:	20000797          	auipc	a5,0x20000
    21a6:	f6678793          	addi	a5,a5,-154 # 20002108 <errno>
    21aa:	439c                	lw	a5,0(a5)
    21ac:	c391                	beqz	a5,21b0 <_read_r+0x2c>
    21ae:	c01c                	sw	a5,0(s0)
    21b0:	40b2                	lw	ra,12(sp)
    21b2:	4422                	lw	s0,8(sp)
    21b4:	0141                	addi	sp,sp,16
    21b6:	8082                	ret

000021b8 <_close>:
    21b8:	05800793          	li	a5,88
    21bc:	20000717          	auipc	a4,0x20000
    21c0:	f4f72623          	sw	a5,-180(a4) # 20002108 <errno>
    21c4:	557d                	li	a0,-1
    21c6:	8082                	ret

000021c8 <_fstat>:
    21c8:	05800793          	li	a5,88
    21cc:	20000717          	auipc	a4,0x20000
    21d0:	f2f72e23          	sw	a5,-196(a4) # 20002108 <errno>
    21d4:	557d                	li	a0,-1
    21d6:	8082                	ret

000021d8 <_isatty>:
    21d8:	05800793          	li	a5,88
    21dc:	20000717          	auipc	a4,0x20000
    21e0:	f2f72623          	sw	a5,-212(a4) # 20002108 <errno>
    21e4:	4501                	li	a0,0
    21e6:	8082                	ret

000021e8 <_lseek>:
    21e8:	05800793          	li	a5,88
    21ec:	20000717          	auipc	a4,0x20000
    21f0:	f0f72e23          	sw	a5,-228(a4) # 20002108 <errno>
    21f4:	557d                	li	a0,-1
    21f6:	8082                	ret

000021f8 <_read>:
    21f8:	05800793          	li	a5,88
    21fc:	20000717          	auipc	a4,0x20000
    2200:	f0f72623          	sw	a5,-244(a4) # 20002108 <errno>
    2204:	557d                	li	a0,-1
    2206:	8082                	ret
    2208:	74737953          	0x74737953
    220c:	6d65                	lui	s10,0x19
    220e:	3a6b6c43          	fmadd.d	fs8,fs6,ft6,ft7,unknown
    2212:	6425                	lui	s0,0x9
    2214:	0a0d                	addi	s4,s4,3
    2216:	0000                	unimp
    2218:	70696843          	fmadd.s	fa6,fs2,ft6,fa4,unknown
    221c:	4449                	li	s0,18
    221e:	253a                	lhu	a4,10(a0)
    2220:	3830                	lbu	a2,19(s0)
    2222:	0d78                	addi	a4,sp,668
    2224:	000a                	c.slli	zero,0x2
    2226:	0000                	unimp
    2228:	6854                	flw	fa3,20(s0)
    222a:	7369                	lui	t1,0xffffa
    222c:	6920                	flw	fs0,80(a0)
    222e:	72702073          	csrr	zero,0x727
    2232:	6e69                	lui	t3,0x1a
    2234:	6674                	flw	fa3,76(a2)
    2236:	6520                	flw	fs0,72(a0)
    2238:	6178                	flw	fa4,68(a0)
    223a:	706d                	c.lui	zero,0xffffb
    223c:	656c                	flw	fa1,76(a0)
    223e:	000d                	c.nop	3
    2240:	4d44                	lw	s1,28(a0)
    2242:	2041                	jal	22c2 <_read+0xca>
    2244:	7274                	flw	fa3,100(a2)
    2246:	6e61                	lui	t3,0x18
    2248:	72656673          	csrrsi	a2,0x726,10
    224c:	6920                	flw	fs0,80(a0)
    224e:	696e                	flw	fs2,216(sp)
    2250:	2074                	lbu	a3,6(s0)
    2252:	63637573          	csrrci	a0,0x636,6
    2256:	7365                	lui	t1,0xffff9
    2258:	2c646573          	csrrsi	a0,0x2c6,8
    225c:	7420                	flw	fs0,104(s0)
    225e:	6c61746f          	jal	s0,19924 <_data_lma+0x17520>
    2262:	735f 7a69 2065      	0x20657a69735f
    2268:	343d                	jal	1c96 <_printf_common+0xb2>
    226a:	4b30                	lw	a2,80(a4)
    226c:	0d42                	slli	s10,s10,0x10
    226e:	0000                	unimp
    2270:	4d44                	lw	s1,28(a0)
    2272:	2041                	jal	22f2 <_read+0xfa>
    2274:	7274                	flw	fa3,100(a2)
    2276:	6e61                	lui	t3,0x18
    2278:	72656673          	csrrsi	a2,0x726,10
    227c:	6920                	flw	fs0,80(a0)
    227e:	696e                	flw	fs2,216(sp)
    2280:	2074                	lbu	a3,6(s0)
    2282:	6166                	flw	ft2,88(sp)
    2284:	6c69                	lui	s8,0x1a
    2286:	6465                	lui	s0,0x19
    2288:	0000                	unimp
    228a:	0000                	unimp
    228c:	74697257          	0x74697257
    2290:	4465                	li	s0,25
    2292:	7461                	lui	s0,0xffff8
    2294:	2061                	jal	231c <_read+0x124>
    2296:	6166                	flw	ft2,88(sp)
    2298:	6c69                	lui	s8,0x1a
    229a:	6465                	lui	s0,0x19
    229c:	202c                	lbu	a1,2(s0)
    229e:	7266                	flw	ft4,120(sp)
    22a0:	6565                	lui	a0,0x19
    22a2:	735f 6170 6563      	0x65636170735f
    22a8:	253d                	jal	28d6 <_data_lma+0x4d2>
    22aa:	756c                	flw	fa1,108(a0)
    22ac:	202c                	lbu	a1,2(s0)
    22ae:	6572                	flw	fa0,28(sp)
    22b0:	616d                	addi	sp,sp,240
    22b2:	6e69                	lui	t3,0x1a
    22b4:	253d                	jal	28e2 <_data_lma+0x4de>
    22b6:	756c                	flw	fa1,108(a0)
    22b8:	0a0d                	addi	s4,s4,3
    22ba:	0000                	unimp
    22bc:	6c41                	lui	s8,0x10
    22be:	206c                	lbu	a1,6(s0)
    22c0:	6164                	flw	fs1,68(a0)
    22c2:	6174                	flw	fa3,68(a0)
    22c4:	6620                	flw	fs0,72(a2)
    22c6:	6465                	lui	s0,0x19
    22c8:	7420                	flw	fs0,104(s0)
    22ca:	6f64206f          	j	449c0 <_data_lma+0x425bc>
    22ce:	6275                	lui	tp,0x1d
    22d0:	656c                	flw	fa1,76(a0)
    22d2:	6220                	flw	fs0,64(a2)
    22d4:	6675                	lui	a2,0x1d
    22d6:	6566                	flw	fa0,88(sp)
    22d8:	2c72                	lhu	a2,30(s0)
    22da:	7720                	flw	fs0,104(a4)
    22dc:	6961                	lui	s2,0x18
    22de:	6974                	flw	fa3,84(a0)
    22e0:	676e                	flw	fa4,216(sp)
    22e2:	6620                	flw	fs0,72(a2)
    22e4:	4420726f          	jal	tp,9726 <_data_lma+0x7322>
    22e8:	414d                	li	sp,19
    22ea:	7420                	flw	fs0,104(s0)
    22ec:	6966206f          	j	64982 <_data_lma+0x6257e>
    22f0:	696e                	flw	fs2,216(sp)
    22f2:	2e2e6873          	csrrsi	a6,0x2e2,28
    22f6:	0d2e                	slli	s10,s10,0xb
    22f8:	0000                	unimp
    22fa:	0000                	unimp
    22fc:	635f6263          	bltu	t5,s5,2920 <_data_lma+0x51c>
    2300:	746e                	flw	fs0,248(sp)
    2302:	6920                	flw	fs0,80(a0)
    2304:	206e                	lhu	a1,6(s0)
    2306:	616d                	addi	sp,sp,240
    2308:	6e69                	lui	t3,0x1a
    230a:	3d20                	lbu	s0,27(a0)
    230c:	2520                	lbu	s0,10(a0)
    230e:	2064                	lbu	s1,6(s0)
    2310:	6f28                	flw	fa0,88(a4)
    2312:	656e                	flw	fa0,216(sp)
    2314:	6620                	flw	fs0,72(a2)
    2316:	6c75                	lui	s8,0x1d
    2318:	206c                	lbu	a1,6(s0)
    231a:	4554                	lw	a3,12(a0)
    231c:	545f5453          	0x545f5453
    2320:	4c41544f          	0x4c41544f
    2324:	535f 5a49 2045      	0x20455a49535f
    232a:	6f64                	flw	fs1,92(a4)
    232c:	656e                	flw	fa0,216(sp)
    232e:	0d29                	addi	s10,s10,10
    2330:	000a                	c.slli	zero,0x2
    2332:	0000                	unimp
    2334:	20746567          	0x20746567
    2338:	6e69                	lui	t3,0x1a
    233a:	6f74                	flw	fa3,92(a4)
    233c:	6920                	flw	fs0,80(a0)
    233e:	746e                	flw	fs0,248(sp)
    2340:	7265                	lui	tp,0xffff9
    2342:	7572                	flw	fa0,60(sp)
    2344:	7470                	flw	fa2,108(s0)
    2346:	2520                	lbu	s0,10(a0)
    2348:	2064                	lbu	s1,6(s0)
    234a:	6974                	flw	fa3,84(a0)
    234c:	656d                	lui	a0,0x1b
    234e:	000a0d73          	0xa0d73
    2352:	0000                	unimp
    2354:	6d44                	flw	fs1,28(a0)
    2356:	2061                	jal	23de <__sf_fake_stdout+0x36>
    2358:	7254                	flw	fa3,36(a2)
    235a:	6e61                	lui	t3,0x18
    235c:	72656673          	csrrsi	a2,0x726,10
    2360:	4520                	lw	s0,72(a0)
    2362:	7272                	flw	ft4,60(sp)
    2364:	000d726f          	jal	tp,d9364 <_data_lma+0xd6f60>

00002368 <__sf_fake_stderr>:
	...

00002388 <__sf_fake_stdin>:
	...

000023a8 <__sf_fake_stdout>:
	...
    23c8:	2b302d23 00000020 004c6c68 45676665     #-0+ ...hlL.efgE
    23d8:	00004746 33323130 37363534 42413938     FG..0123456789AB
    23e8:	46454443 00000000 33323130 37363534     CDEF....01234567
    23f8:	62613938 66656463 00000000              89abcdef....
